id,대주제,소주제,정답
2000,간호사                                  ,성인간호학,1
2000,간호사                                  ,모성간호학,1
2000,간호사                                  ,아동간호학,1
2000,간호사                                  ,지역사회간호학,1
2000,간호사                                  ,정신간호학,0
2000,간호사                                  ,간호관리학,0
2000,간호사                                  ,기본간호학,1
2000,간호사                                  ,보건의약관계 법규,1
2000,물리치료사                              ,의료관계법규,1
2000,물리치료사                              ,공중보건학 개론,0
2000,물리치료사                              ,해부생리학 개론,0
2000,물리치료사                              ,물리치료학 개요,1
2000,물리치료사                              ,운동치료학 개요,1
2000,물리치료사                              ,질환별 물리치료학 개요,1
2000,물리치료사                              ,물리치료사 실기,1
2000,방사선사                                ,의료관계법규,1
2000,방사선사                                ,공중보건학 개론,1
2000,방사선사                                ,해부생리학 개론,1
2000,방사선사                                ,방사선이론,1
2000,방사선사                                ,방사선응용,1
2000,방사선사                                ,영상진단기술학,0
2000,방사선사                                ,방사선치료기술학,1
2000,방사선사                                ,핵의학기술학,1
2000,방사선사                                ,방사선사 실기,1
2000,보건의료정보관리사                      ,의료관계법규,0
2000,보건의료정보관리사                      ,의학용어,1
2000,보건의료정보관리사                      ,공중보건학 개론,1
2000,보건의료정보관리사                      ,의무기록관리학,1
2000,보건의료정보관리사                      ,의무기록사 실기,1
2000,안경사                                  ,의료관계법규,1
2000,안경사                                  ,안광학,1
2000,안경사                                  ,안경학,0
2000,안경사                                  ,안과학,1
2000,안경사                                  ,안경사 실기,1
2000,약사(4년제),정성분석학,1
2000,약사(4년제),정성분석학,1
2000,약사(4년제),정량분석학,0
2000,약사(4년제),정량분석학,1
2000,약사(4년제),생약학,0
2000,약사(4년제),생약학,1
2000,약사(4년제),무기약품제조학,1
2000,약사(4년제),무기약품제조학,1
2000,약사(4년제),유기약품제조학,1
2000,약사(4년제),유기약품제조학,1
2000,약사(4년제),위생화학,1
2000,약사(4년제),위생화학,1
2000,약사(4년제),생화학,1
2000,약사(4년제),생화학,1
2000,약사(4년제),약제학,1
2000,약사(4년제),약제학,0
2000,약사(4년제),미생물학,1
2000,약사(4년제),미생물학,0
2000,약사(4년제),약물학,1
2000,약사(4년제),약물학,1
2000,약사(4년제),약전,0
2000,약사(4년제),약전,1
2000,약사(4년제),약사관계법규,0
2000,약사(4년제),약사관계법규,1
2000,영양사                                  ,영양학,1
2000,영양사                                  ,식이요법,0
2000,영양사                                  ,생화학,1
2000,영양사                                  ,생리학,0
2000,영양사                                  ,식품위생 관계 법규,1
2000,영양사                                  ,식품학 및 조리원리,1
2000,영양사                                  ,단체급식관리,1
2000,영양사                                  ,식품위생학,0
2000,영양사                                  ,영양교육,0
2000,위생사                                  ,환경위생학,1
2000,위생사                                  ,위생곤충학,0
2000,위생사                                  ,위생관계법규,0
2000,위생사                                  ,공중보건학,0
2000,위생사                                  ,식품위생학,1
2000,위생사                                  ,2급위생사실기,1
2000,응급구조사1급                           ,1급응급구조사 실기,1
2000,응급구조사1급                           ,기초의학,0
2000,응급구조사1급                           ,응급의학총론,0
2000,응급구조사1급                           ,응급환자관리,0
2000,응급구조사1급                           ,임상응급의학,1
2000,응급구조사1급                           ,응급의료관련법령,0
2000,응급구조사2급                           ,2급응급구조사 실기,1
2000,응급구조사2급                           ,임상응급의학,1
2000,응급구조사2급                           ,응급의료장비운영,0
2000,응급구조사2급                           ,응급의학총론,0
2000,응급구조사2급                           ,응급환자관리,0
2000,의지보조기기사                          ,의지보조기기사 객관식 실기,0
2000,의지보조기기사                          ,운동·생체역학,0
2000,의지보조기기사                          ,재활공학·재료학,0
2000,의지보조기기사                          ,보건의료 관계 법규,0
2000,의지보조기기사                          ,보조기학,1
2000,의지보조기기사                          ,해부·생리학,0
2000,의지보조기기사                          ,재활의학,0
2000,의지보조기기사                          ,의지학,1
2000,임상병리사                              ,의료관계법규,1
2000,임상병리사                              ,공중보건학 개론,1
2000,임상병리사                              ,해부생리학 개론,1
2000,임상병리사                              ,조직병리학,1
2000,임상병리사                              ,임상화학,1
2000,임상병리사                              ,혈액학,1
2000,임상병리사                              ,임상미생물학,1
2000,임상병리사                              ,임상생리학,1
2000,임상병리사                              ,임상병리사 실기,1
2000,작업치료사                              ,의료관계법규,1
2000,작업치료사                              ,공중보건학 개론,1
2000,작업치료사                              ,해부생리학 개론,1
2000,작업치료사                              ,수예 및 공작,1
2000,작업치료사                              ,작업치료학,1
2000,작업치료사                              ,일상생활동작,0
2000,작업치료사                              ,작업치료사 실기,1
2000,조산사                                  ,신생아간호학,0
2000,조산사                                  ,모자보건학,0
2000,조산사                                  ,모자보건법,0
2000,치과기공사                              ,치과기공 주관식 실기,1
2000,치과기공사                              ,의료관계법규,1
2000,치과기공사                              ,구강해부학 개론,1
2000,치과기공사                              ,공중구강보건학 개론,1
2000,치과기공사                              ,치과재료학 개론,1
2000,치과기공사                              ,가철성치열교정장치기공학,1
2000,치과기공사                              ,관교의치기공학,1
2000,치과기공사                              ,치과충전기공학,1
2000,치과기공사                              ,총의치기공학,1
2000,치과기공사                              ,국부의치기공학,1
2000,치과기공사                              ,치과기공 객관식 실기,1
2000,치과위생사                              ,치과위생사 주관식 실기,0
2000,치과위생사                              ,의료관계법규,0
2000,치과위생사                              ,치과임상학,0
2000,치과위생사                              ,치과방사선학 개론,0
2000,치과위생사                              ,구강생물학 개론,0
2000,치과위생사                              ,구강위생학 개론,1
2000,치과위생사                              ,치과위생사 객관식 실기,1
2000,치과의사                                ,구강악안면외과학,1
2000,치과의사                                ,치과보존학,1
2000,치과의사                                ,구강보건학,1
2000,치과의사                                ,치과재료학,1
2000,치과의사                                ,보건의약관계 법규,1
2000,치과의사                                ,치과보철학,1
2000,치과의사                                ,소아치과학,1
2000,치과의사                                ,구강악안면방사선학,1
2000,치과의사                                ,치주과학,1
2000,치과의사                                ,구강내과학,1
2000,치과의사                                ,치과교정학,1
2000,치과의사                                ,구강병리학,0
2000,치과의사                                ,구강생물학,0
2000,한약사                                  ,한약의 생산 및 제조,0
2000,한약사                                  ,한약감정,0
2000,한약사                                  ,한약학의 기초,0
2000,한약사                                  ,한약의 보관 및 유통,0
2000,한약조제자격                            ,본초학,1
2000,한약조제자격                            ,방제학,1
2000,한약조제자격                            ,한약조제지침서,1
2000,한약조제자격                            ,50종 이상의 한약재 감별능력,1
2000,한의사                                  ,보건의약관계 법규,0
2000,한의사                                  ,침구학,1
2000,한의사                                  ,외과학,0
2000,한의사                                  ,신경정신과학,0
2000,한의사                                  ,안이비인후과학,0
2000,한의사                                  ,부인과학,0
2000,한의사                                  ,소아과학,0
2000,한의사                                  ,예방의학,0
2000,한의사                                  ,한방생리학,0
2000,한의사                                  ,본초학,0
2001,간호사                                  ,성인간호학,1
2001,간호사                                  ,모성간호학,0
2001,간호사                                  ,아동간호학,0
2001,간호사                                  ,지역사회간호학,0
2001,간호사                                  ,정신간호학,0
2001,간호사                                  ,간호관리학,0
2001,간호사                                  ,기본간호학,0
2001,간호사                                  ,보건의약관계 법규,0
2001,물리치료사                              ,의료관계법규,0
2001,물리치료사                              ,의료관계법규,0
2001,물리치료사                              ,공중보건학 개론,0
2001,물리치료사                              ,공중보건학 개론,0
2001,물리치료사                              ,해부생리학 개론,0
2001,물리치료사                              ,해부생리학 개론,0
2001,물리치료사                              ,질환별 물리치료학 개요,0
2001,물리치료사                              ,물리치료학 개요,1
2001,물리치료사                              ,물리치료학 개요,1
2001,물리치료사                              ,운동치료학 개요,1
2001,물리치료사                              ,운동치료학 개요,1
2001,물리치료사                              ,질환별 물리치료학 개요,0
2001,물리치료사                              ,물리치료사 실기,1
2001,물리치료사                              ,물리치료사 실기,1
2001,방사선사                                ,의료관계법규,1
2001,방사선사                                ,공중보건학 개론,1
2001,방사선사                                ,해부생리학 개론,1
2001,방사선사                                ,방사선이론,1
2001,방사선사                                ,방사선응용,1
2001,방사선사                                ,영상진단기술학,1
2001,방사선사                                ,방사선치료기술학,1
2001,방사선사                                ,핵의학기술학,1
2001,방사선사                                ,방사선사 실기,1
2001,보건의료정보관리사                      ,의료관계법규,0
2001,보건의료정보관리사                      ,의학용어,1
2001,보건의료정보관리사                      ,공중보건학 개론,0
2001,보건의료정보관리사                      ,의무기록관리학,1
2001,보건의료정보관리사                      ,의무기록사 실기,1
2001,안경사                                  ,의료관계법규,0
2001,안경사                                  ,안광학,0
2001,안경사                                  ,안경학,0
2001,안경사                                  ,안과학,0
2001,안경사                                  ,안경사 실기,1
2001,약사(4년제),정성분석학,1
2001,약사(4년제),정량분석학,1
2001,약사(4년제),생약학,1
2001,약사(4년제),무기약품제조학,1
2001,약사(4년제),유기약품제조학,1
2001,약사(4년제),위생화학,1
2001,약사(4년제),생화학,1
2001,약사(4년제),약제학,1
2001,약사(4년제),미생물학,1
2001,약사(4년제),약물학,1
2001,약사(4년제),약전,1
2001,약사(4년제),약사관계법규,1
2001,영양사                                  ,영양학,1
2001,영양사                                  ,식이요법,0
2001,영양사                                  ,생화학,0
2001,영양사                                  ,생리학,0
2001,영양사                                  ,식품위생 관계 법규,0
2001,영양사                                  ,식품학 및 조리원리,1
2001,영양사                                  ,단체급식관리,1
2001,영양사                                  ,식품위생학,0
2001,영양사                                  ,영양교육,0
2001,위생사                                  ,환경위생학,1
2001,위생사                                  ,위생곤충학,0
2001,위생사                                  ,위생관계법규,0
2001,위생사                                  ,공중보건학,0
2001,위생사                                  ,식품위생학,1
2001,위생사                                  ,실기시험,1
2001,응급구조사1급                           ,1급응급구조사 실기,1
2001,응급구조사1급                           ,기초의학,0
2001,응급구조사1급                           ,응급의학총론,0
2001,응급구조사1급                           ,응급환자관리,0
2001,응급구조사1급                           ,임상응급의학,1
2001,응급구조사1급                           ,응급의료관련법령,0
2001,응급구조사2급                           ,2급응급구조사 실기,1
2001,응급구조사2급                           ,임상응급의학,1
2001,응급구조사2급                           ,응급의료장비운영,0
2001,응급구조사2급                           ,응급의학총론,0
2001,응급구조사2급                           ,응급환자관리,0
2001,의사                                    ,정신과,0
2001,의사                                    ,소아과,1
2001,의사                                    ,외과,1
2001,의사                                    ,산부인과,1
2001,의사                                    ,예방의학,0
2001,의사                                    ,보건의약관계 법규,0
2001,의지보조기기사                          ,의지보조기기사 주관식 실기,1
2001,의지보조기기사                          ,운동·생체역학,0
2001,의지보조기기사                          ,재활공학·재료학,0
2001,의지보조기기사                          ,보건의료 관계 법규,0
2001,의지보조기기사                          ,보조기학,1
2001,의지보조기기사                          ,해부·생리학,0
2001,의지보조기기사                          ,재활의학,0
2001,의지보조기기사                          ,의지학,1
2001,임상병리사                              ,의료관계법규,1
2001,임상병리사                              ,의료관계법규,1
2001,임상병리사                              ,공중보건학 개론,1
2001,임상병리사                              ,임상화학,1
2001,임상병리사                              ,해부생리학 개론,1
2001,임상병리사                              ,조직병리학,1
2001,임상병리사                              ,임상미생물학,1
2001,임상병리사                              ,임상화학,1
2001,임상병리사                              ,혈액학,1
2001,임상병리사                              ,혈액학,1
2001,임상병리사                              ,공중보건학 개론,1
2001,임상병리사                              ,해부생리학 개론,1
2001,임상병리사                              ,임상미생물학,1
2001,임상병리사                              ,조직병리학,1
2001,임상병리사                              ,임상생리학,1
2001,임상병리사                              ,임상생리학,1
2001,임상병리사                              ,임상병리사 실기,1
2001,임상병리사                              ,임상병리사 실기,1
2001,작업치료사                              ,의료관계법규,0
2001,작업치료사                              ,공중보건학 개론,0
2001,작업치료사                              ,해부생리학 개론,0
2001,작업치료사                              ,수예 및 공작,0
2001,작업치료사                              ,작업치료학,1
2001,작업치료사                              ,일상생활동작,0
2001,작업치료사                              ,작업치료사 실기,1
2001,조산사                                  ,신생아간호학,0
2001,조산사                                  ,모자보건학,0
2001,조산사                                  ,모자보건법,0
2001,치과기공사                              ,치과기공 주관식 실기,1
2001,치과기공사                              ,의료관계법규,1
2001,치과기공사                              ,구강해부학 개론,1
2001,치과기공사                              ,공중구강보건학 개론,1
2001,치과기공사                              ,치과재료학 개론,1
2001,치과기공사                              ,가철성치열교정장치기공학,1
2001,치과기공사                              ,관교의치기공학,1
2001,치과기공사                              ,치과충전기공학,1
2001,치과기공사                              ,총의치기공학,1
2001,치과기공사                              ,국부의치기공학,1
2001,치과기공사                              ,치과기공 객관식 실기,1
2001,치과위생사                              ,치과위생사 주관식 실기,1
2001,치과위생사                              ,치과위생사 주관식 실기,1
2001,치과위생사                              ,구강생물학 개론,1
2001,치과위생사                              ,의료관계법규,1
2001,치과위생사                              ,치과임상학,1
2001,치과위생사                              ,의료관계법규,1
2001,치과위생사                              ,치과임상학,0
2001,치과위생사                              ,치과방사선학 개론,0
2001,치과위생사                              ,구강생물학 개론,0
2001,치과위생사                              ,치과방사선학 개론,0
2001,치과위생사                              ,구강위생학 개론,1
2001,치과위생사                              ,구강위생학 개론,1
2001,치과위생사                              ,치과위생사 객관식 실기,1
2001,치과위생사                              ,치과위생사 객관식 실기,1
2001,치과의사                                ,구강내과학,1
2001,치과의사                                ,치과교정학,1
2001,치과의사                                ,구강병리학,1
2001,치과의사                                ,구강생물학,1
2001,치과의사                                ,치과보철학,1
2001,치과의사                                ,소아치과학,1
2001,치과의사                                ,구강악안면방사선학,1
2001,치과의사                                ,치주과학,1
2001,치과의사                                ,구강악안면외과학,1
2001,치과의사                                ,치과보존학,1
2001,치과의사                                ,구강보건학,1
2001,치과의사                                ,치과재료학,1
2001,치과의사                                ,보건의약관계 법규,1
2001,한약사                                  ,한약의 생산 및 제조,1
2001,한약사                                  ,한약감정,1
2001,한약사                                  ,한약학의 기초,1
2001,한약사                                  ,한약의 보관 및 유통,0
2001,한약조제자격                            ,본초학,1
2001,한약조제자격                            ,방제학,1
2001,한약조제자격                            ,한약조제지침서,1
2001,한약조제자격                            ,50종 이상의 한약재 감별능력,1
2001,한의사                                  ,보건의약관계 법규,0
2001,한의사                                  ,침구학,1
2001,한의사                                  ,외과학,0
2001,한의사                                  ,신경정신과학,0
2001,한의사                                  ,안이비인후과학,0
2001,한의사                                  ,부인과학,0
2001,한의사                                  ,소아과학,0
2001,한의사                                  ,예방의학,0
2001,한의사                                  ,한방생리학,0
2001,한의사                                  ,본초학,0
2002,간호사                                  ,성인간호학,1
2002,간호사                                  ,성인간호학,1
2002,간호사                                  ,모성간호학,1
2002,간호사                                  ,모성간호학,1
2002,간호사                                  ,아동간호학,1
2002,간호사                                  ,아동간호학,1
2002,간호사                                  ,지역사회간호학,1
2002,간호사                                  ,지역사회간호학,1
2002,간호사                                  ,정신간호학,1
2002,간호사                                  ,정신간호학,1
2002,간호사                                  ,간호관리학,1
2002,간호사                                  ,간호관리학,1
2002,간호사                                  ,기본간호학,1
2002,간호사                                  ,기본간호학,1
2002,간호사                                  ,보건의약관계 법규,1
2002,간호사                                  ,보건의약관계 법규,1
2002,물리치료사                              ,의료관계법규,1
2002,물리치료사                              ,공중보건학 개론,1
2002,물리치료사                              ,해부생리학 개론,0
2002,물리치료사                              ,질환별 물리치료학 개요,0
2002,물리치료사                              ,물리치료학 개요,1
2002,물리치료사                              ,운동치료학 개요,1
2002,물리치료사                              ,물리치료사 실기,1
2002,방사선사                                ,의료관계법규,0
2002,방사선사                                ,공중보건학 개론,0
2002,방사선사                                ,해부생리학 개론,0
2002,방사선사                                ,방사선이론,0
2002,방사선사                                ,방사선응용,0
2002,방사선사                                ,영상진단기술학,0
2002,방사선사                                ,방사선치료기술학,0
2002,방사선사                                ,핵의학기술학,0
2002,방사선사                                ,방사선사 실기,1
2002,보건의료정보관리사                      ,의료관계법규,0
2002,보건의료정보관리사                      ,의학용어,1
2002,보건의료정보관리사                      ,공중보건학 개론,0
2002,보건의료정보관리사                      ,의무기록관리학,1
2002,보건의료정보관리사                      ,의무기록사 실기,1
2002,안경사                                  ,의료관계법규,0
2002,안경사                                  ,안광학,0
2002,안경사                                  ,안경학,0
2002,안경사                                  ,안과학,0
2002,안경사                                  ,안경사 실기,1
2002,약사(4년제),정성분석학,1
2002,약사(4년제),정량분석학,1
2002,약사(4년제),생약학,1
2002,약사(4년제),무기약품제조학,1
2002,약사(4년제),유기약품제조학,1
2002,약사(4년제),위생화학,1
2002,약사(4년제),생화학,1
2002,약사(4년제),약제학,1
2002,약사(4년제),미생물학,1
2002,약사(4년제),약물학,1
2002,약사(4년제),약전,0
2002,약사(4년제),약사관계법규,0
2002,영양사                                  ,영양학,1
2002,영양사                                  ,식이요법,0
2002,영양사                                  ,생화학,0
2002,영양사                                  ,생리학,0
2002,영양사                                  ,식품위생 관계 법규,0
2002,영양사                                  ,식품학 및 조리원리,1
2002,영양사                                  ,단체급식관리,1
2002,영양사                                  ,식품위생학,0
2002,영양사                                  ,영양교육,0
2002,위생사                                  ,환경위생학,1
2002,위생사                                  ,환경위생학,1
2002,위생사                                  ,위생곤충학,0
2002,위생사                                  ,위생곤충학,0
2002,위생사                                  ,위생관계법규,0
2002,위생사                                  ,위생관계법규,0
2002,위생사                                  ,공중보건학,0
2002,위생사                                  ,공중보건학,0
2002,위생사                                  ,식품위생학,1
2002,위생사                                  ,식품위생학,1
2002,위생사                                  ,실기시험,1
2002,위생사                                  ,실기시험,1
2002,응급구조사1급                           ,1급응급구조사 실기,1
2002,응급구조사1급                           ,기초의학,0
2002,응급구조사1급                           ,응급의학총론,0
2002,응급구조사1급                           ,응급환자관리,0
2002,응급구조사1급                           ,임상응급의학,1
2002,응급구조사1급                           ,응급의료관련법령,0
2002,응급구조사2급                           ,2급응급구조사 실기,1
2002,응급구조사2급                           ,임상응급의학,1
2002,응급구조사2급                           ,응급의료장비운영,0
2002,응급구조사2급                           ,응급의학총론,0
2002,응급구조사2급                           ,응급환자관리,0
2002,의사                                    ,의학총론1,1
2002,의사                                    ,의학총론2,0
2002,의사                                    ,보건의약관계 법규,0
2002,의사                                    ,의학각론1,1
2002,의사                                    ,의학각론2,0
2002,의사                                    ,의학각론3,1
2002,의사                                    ,의학각론4,1
2002,의사                                    ,의학각론5,1
2002,의사                                    ,의학총론3(R형),0
2002,의사                                    ,의학각론2(R형),0
2002,의지보조기기사                          ,의지보조기기사 주관식 실기,1
2002,의지보조기기사                          ,운동·생체역학,0
2002,의지보조기기사                          ,재활공학·재료학,0
2002,의지보조기기사                          ,보건의료 관계 법규,0
2002,의지보조기기사                          ,보조기학,1
2002,의지보조기기사                          ,해부·생리학,0
2002,의지보조기기사                          ,재활의학,0
2002,의지보조기기사                          ,의지학,1
2002,임상병리사                              ,의료관계법규,0
2002,임상병리사                              ,임상화학,0
2002,임상병리사                              ,임상미생물학,0
2002,임상병리사                              ,혈액학,0
2002,임상병리사                              ,공중보건학 개론,0
2002,임상병리사                              ,해부생리학 개론,0
2002,임상병리사                              ,조직병리학,0
2002,임상병리사                              ,임상생리학,0
2002,임상병리사                              ,임상병리사 실기,1
2002,작업치료사                              ,의료관계법규,0
2002,작업치료사                              ,공중보건학 개론,0
2002,작업치료사                              ,해부생리학 개론,0
2002,작업치료사                              ,수예 및 공작,0
2002,작업치료사                              ,작업치료학,1
2002,작업치료사                              ,일상생활동작,0
2002,작업치료사                              ,작업치료사 실기,1
2002,조산사                                  ,신생아간호학,0
2002,조산사                                  ,모자보건학,0
2002,조산사                                  ,모자보건법,0
2002,치과기공사                              ,치과기공 주관식 실기,1
2002,치과기공사                              ,의료관계법규,1
2002,치과기공사                              ,구강해부학 개론,1
2002,치과기공사                              ,공중구강보건학 개론,1
2002,치과기공사                              ,치과재료학 개론,1
2002,치과기공사                              ,가철성치열교정장치기공학,1
2002,치과기공사                              ,관교의치기공학,1
2002,치과기공사                              ,치과충전기공학,1
2002,치과기공사                              ,총의치기공학,1
2002,치과기공사                              ,국부의치기공학,1
2002,치과기공사                              ,치과기공 객관식 실기,1
2002,치과위생사                              ,치과위생사 주관식 실기,0
2002,치과위생사                              ,의료관계법규,0
2002,치과위생사                              ,구강생물학 개론,0
2002,치과위생사                              ,치과임상학,0
2002,치과위생사                              ,치과방사선학 개론,0
2002,치과위생사                              ,구강위생학 개론,1
2002,치과위생사                              ,치과위생사 객관식 실기,1
2002,치과의사                                ,구강내과학,1
2002,치과의사                                ,치과교정학,1
2002,치과의사                                ,구강병리학,1
2002,치과의사                                ,구강생물학,1
2002,치과의사                                ,치과보철학,1
2002,치과의사                                ,소아치과학,1
2002,치과의사                                ,구강악안면방사선학,1
2002,치과의사                                ,치주과학,1
2002,치과의사                                ,구강악안면외과학,1
2002,치과의사                                ,치과보존학,1
2002,치과의사                                ,구강보건학,1
2002,치과의사                                ,치과재료학,1
2002,치과의사                                ,보건의약관계 법규,1
2002,한약사                                  ,한약의 생산 및 제조,1
2002,한약사                                  ,한약감정,0
2002,한약사                                  ,한약학의 기초,0
2002,한약사                                  ,한약의 보관 및 유통,0
2002,한약조제자격                            ,본초학,1
2002,한약조제자격                            ,방제학,1
2002,한약조제자격                            ,한약조제지침서,1
2002,한약조제자격                            ,50종 이상의 한약재 감별능력,1
2002,한의사                                  ,보건의약관계 법규,0
2002,한의사                                  ,침구학,1
2002,한의사                                  ,외과학,0
2002,한의사                                  ,신경정신과학,0
2002,한의사                                  ,안이비인후과학,0
2002,한의사                                  ,부인과학,0
2002,한의사                                  ,소아과학,0
2002,한의사                                  ,예방의학,0
2002,한의사                                  ,한방생리학,0
2002,한의사                                  ,본초학,0
2003,물리치료사                              ,의료관계법규,0
2003,물리치료사                              ,공중보건학 개론,0
2003,물리치료사                              ,해부생리학 개론,0
2003,물리치료사                              ,질환별 물리치료학 개요,0
2003,물리치료사                              ,물리치료학 개요,1
2003,물리치료사                              ,운동치료학 개요,1
2003,물리치료사                              ,물리치료사 실기,1
2003,방사선사                                ,의료관계법규,1
2003,방사선사                                ,공중보건학 개론,1
2003,방사선사                                ,해부생리학 개론,1
2003,방사선사                                ,방사선이론,1
2003,방사선사                                ,방사선응용,1
2003,방사선사                                ,영상진단기술학,1
2003,방사선사                                ,방사선치료기술학,1
2003,방사선사                                ,핵의학기술학,1
2003,방사선사                                ,방사선사 실기,1
2003,보건의료정보관리사                      ,의료관계법규,1
2003,보건의료정보관리사                      ,의료관계법규,1
2003,보건의료정보관리사                      ,의학용어,1
2003,보건의료정보관리사                      ,의학용어,1
2003,보건의료정보관리사                      ,공중보건학 개론,0
2003,보건의료정보관리사                      ,공중보건학 개론,0
2003,보건의료정보관리사                      ,의무기록관리학,1
2003,보건의료정보관리사                      ,의무기록관리학,1
2003,보건의료정보관리사                      ,의무기록사 실기,1
2003,보건의료정보관리사                      ,의무기록사 실기,1
2003,안경사                                  ,의료관계법규,0
2003,안경사                                  ,안광학,0
2003,안경사                                  ,안경학,1
2003,안경사                                  ,안과학,0
2003,안경사                                  ,안경사 실기,1
2003,약사(4년제),정성분석학,1
2003,약사(4년제),정량분석학,1
2003,약사(4년제),생약학,1
2003,약사(4년제),무기약품제조학,1
2003,약사(4년제),유기약품제조학,1
2003,약사(4년제),위생화학,1
2003,약사(4년제),생화학,1
2003,약사(4년제),약제학,1
2003,약사(4년제),미생물학,1
2003,약사(4년제),약물학,1
2003,약사(4년제),약전,1
2003,약사(4년제),약사관계법규,0
2003,영양사                                  ,영양학,1
2003,영양사                                  ,식이요법,0
2003,영양사                                  ,생화학,0
2003,영양사                                  ,생리학,0
2003,영양사                                  ,식품위생 관계 법규,0
2003,영양사                                  ,식품학 및 조리원리,1
2003,영양사                                  ,단체급식관리,1
2003,영양사                                  ,식품위생학,0
2003,영양사                                  ,영양교육,0
2003,위생사                                  ,환경위생학,1
2003,위생사                                  ,위생곤충학,0
2003,위생사                                  ,위생관계법규,0
2003,위생사                                  ,공중보건학,0
2003,위생사                                  ,식품위생학,1
2003,위생사                                  ,실기시험,1
2003,응급구조사1급                           ,1급응급구조사 실기,1
2003,응급구조사1급                           ,기초의학,0
2003,응급구조사1급                           ,응급환자관리,0
2003,응급구조사1급                           ,전문응급처치학총론,0
2003,응급구조사1급                           ,전문응급처치학각론,1
2003,응급구조사1급                           ,응급의료관련법령,0
2003,응급구조사2급                           ,2급응급구조사 실기,1
2003,응급구조사2급                           ,기본응급처치학총론,0
2003,응급구조사2급                           ,기본응급환자관리,0
2003,응급구조사2급                           ,응급의료관련법령,0
2003,응급구조사2급                           ,기본응급처치학각론,1
2003,응급구조사2급                           ,응급의료장비,0
2003,의사                                    ,의학총론1,1
2003,의사                                    ,의학총론2,0
2003,의사                                    ,의학각론2,0
2003,의사                                    ,보건의약관계 법규,0
2003,의사                                    ,의학각론3,1
2003,의사                                    ,의학각론4,1
2003,의사                                    ,의학각론5,1
2003,의사                                    ,의학각론6,1
2003,의사                                    ,의학각론7,1
2003,의사                                    ,의학총론2(R형),1
2003,의사                                    ,의학각론1(R형),1
2003,임상병리사                              ,의료관계법규,1
2003,임상병리사                              ,임상화학,1
2003,임상병리사                              ,임상미생물학,1
2003,임상병리사                              ,혈액학,1
2003,임상병리사                              ,공중보건학 개론,1
2003,임상병리사                              ,해부생리학 개론,1
2003,임상병리사                              ,조직병리학,1
2003,임상병리사                              ,임상생리학,1
2003,임상병리사                              ,임상병리사 실기,1
2003,작업치료사                              ,의료관계법규,1
2003,작업치료사                              ,의료관계법규,1
2003,작업치료사                              ,공중보건학 개론,1
2003,작업치료사                              ,공중보건학 개론,1
2003,작업치료사                              ,해부생리학 개론,0
2003,작업치료사                              ,해부생리학 개론,0
2003,작업치료사                              ,수예 및 공작,0
2003,작업치료사                              ,수예 및 공작,0
2003,작업치료사                              ,작업치료학,1
2003,작업치료사                              ,작업치료학,1
2003,작업치료사                              ,일상생활동작,0
2003,작업치료사                              ,일상생활동작,0
2003,작업치료사                              ,작업치료사 실기,1
2003,작업치료사                              ,작업치료사 실기,1
2003,조산사                                  ,신생아간호학,0
2003,조산사                                  ,모자보건학,0
2003,조산사                                  ,모자보건법,0
2003,치과기공사                              ,치과기공 주관식 실기,1
2003,치과기공사                              ,치과기공 주관식 실기,1
2003,치과기공사                              ,의료관계법규,1
2003,치과기공사                              ,의료관계법규,1
2003,치과기공사                              ,구강해부학 개론,1
2003,치과기공사                              ,구강해부학 개론,1
2003,치과기공사                              ,공중구강보건학 개론,1
2003,치과기공사                              ,공중구강보건학 개론,1
2003,치과기공사                              ,치과재료학 개론,1
2003,치과기공사                              ,치과재료학 개론,1
2003,치과기공사                              ,가철성치열교정장치기공학,1
2003,치과기공사                              ,가철성치열교정장치기공학,1
2003,치과기공사                              ,관교의치기공학,1
2003,치과기공사                              ,관교의치기공학,1
2003,치과기공사                              ,치과충전기공학,1
2003,치과기공사                              ,치과충전기공학,1
2003,치과기공사                              ,총의치기공학,1
2003,치과기공사                              ,총의치기공학,1
2003,치과기공사                              ,국부의치기공학,1
2003,치과기공사                              ,국부의치기공학,0
2003,치과기공사                              ,치과기공 객관식 실기,0
2003,치과기공사                              ,치과기공 객관식 실기,0
2003,치과위생사                              ,치과위생사 주관식 실기,0
2003,치과위생사                              ,구강생물학 개론,0
2003,치과위생사                              ,의료관계법규,1
2003,치과위생사                              ,치과임상학,1
2003,치과위생사                              ,치과방사선학 개론,1
2003,치과위생사                              ,구강위생학 개론,1
2003,치과위생사                              ,치과위생사 객관식 실기,1
2003,치과의사                                ,구강내과학,1
2003,치과의사                                ,치과교정학,1
2003,치과의사                                ,구강병리학,1
2003,치과의사                                ,구강생물학,1
2003,치과의사                                ,치과보철학,1
2003,치과의사                                ,소아치과학,1
2003,치과의사                                ,구강악안면방사선학,1
2003,치과의사                                ,치주과학,1
2003,치과의사                                ,구강악안면외과학,1
2003,치과의사                                ,치과보존학,1
2003,치과의사                                ,구강보건학,1
2003,치과의사                                ,치과재료학,1
2003,치과의사                                ,보건의약관계 법규,1
2003,한약사                                  ,한약의 생산 및 제조,0
2003,한약사                                  ,한약감정,0
2003,한약사                                  ,한약학의 기초,0
2003,한약사                                  ,한약의 보관 및 유통,0
2003,한약조제자격                            ,본초학,1
2003,한약조제자격                            ,방제학,1
2003,한약조제자격                            ,한약조제지침서,1
2003,한약조제자격                            ,50종 이상의 한약재 감별능력,1
2003,한의사                                  ,보건의약관계 법규,0
2003,한의사                                  ,침구학,1
2003,한의사                                  ,외과학,0
2003,한의사                                  ,신경정신과학,0
2003,한의사                                  ,안이비인후과학,0
2003,한의사                                  ,부인과학,0
2003,한의사                                  ,소아과학,0
2003,한의사                                  ,예방의학,0
2003,한의사                                  ,한방생리학,0
2003,한의사                                  ,본초학,0
2004,간호사                                  ,성인간호학,1
2004,간호사                                  ,모성간호학,1
2004,간호사                                  ,아동간호학,1
2004,간호사                                  ,지역사회간호학,1
2004,간호사                                  ,정신간호학,1
2004,간호사                                  ,간호관리학,1
2004,간호사                                  ,기본간호학,1
2004,간호사                                  ,보건의약관계 법규,1
2004,물리치료사                              ,의료관계법규,1
2004,물리치료사                              ,공중보건학 개론,1
2004,물리치료사                              ,해부생리학 개론,1
2004,물리치료사                              ,질환별 물리치료학 개요,0
2004,물리치료사                              ,물리치료학 개요,1
2004,물리치료사                              ,운동치료학 개요,1
2004,물리치료사                              ,물리치료사 실기,1
2004,방사선사                                ,의료관계법규,0
2004,방사선사                                ,공중보건학 개론,0
2004,방사선사                                ,해부생리학 개론,0
2004,방사선사                                ,방사선이론,0
2004,방사선사                                ,방사선응용,0
2004,방사선사                                ,영상진단기술학,0
2004,방사선사                                ,방사선치료기술학,0
2004,방사선사                                ,핵의학기술학,0
2004,방사선사                                ,방사선사 실기,1
2004,보건의료정보관리사                      ,의료관계법규,0
2004,보건의료정보관리사                      ,의학용어,1
2004,보건의료정보관리사                      ,공중보건학 개론,0
2004,보건의료정보관리사                      ,의무기록관리학,1
2004,보건의료정보관리사                      ,의무기록사 실기,1
2004,안경사                                  ,의료관계법규,0
2004,안경사                                  ,안광학,0
2004,안경사                                  ,안경학,1
2004,안경사                                  ,안과학,0
2004,안경사                                  ,안경사 실기,1
2004,약사(4년제),정성분석학,1
2004,약사(4년제),정량분석학,1
2004,약사(4년제),생약학,1
2004,약사(4년제),무기약품제조학,1
2004,약사(4년제),유기약품제조학,1
2004,약사(4년제),위생화학,1
2004,약사(4년제),생화학,1
2004,약사(4년제),약제학,1
2004,약사(4년제),미생물학,1
2004,약사(4년제),약물학,0
2004,약사(4년제),약전,0
2004,약사(4년제),약사 및 마약류 관리에 관한 법령,0
2004,영양사                                  ,영양학,1
2004,영양사                                  ,생화학,0
2004,영양사                                  ,생리학,0
2004,영양사                                  ,식품위생학,0
2004,영양사                                  ,영양교육,0
2004,영양사                                  ,식품위생 관계 법규,0
2004,영양사                                  ,식이요법,0
2004,영양사                                  ,단체급식관리,1
2004,영양사                                  ,식품학 및 조리원리,1
2004,위생사                                  ,환경위생학,1
2004,위생사                                  ,위생곤충학,0
2004,위생사                                  ,위생관계법규,0
2004,위생사                                  ,공중보건학,0
2004,위생사                                  ,식품위생학,1
2004,위생사                                  ,실기시험,1
2004,응급구조사1급                           ,1급응급구조사 실기,1
2004,응급구조사1급                           ,기초의학,0
2004,응급구조사1급                           ,응급환자관리,0
2004,응급구조사1급                           ,전문응급처치학총론,0
2004,응급구조사1급                           ,전문응급처치학각론,1
2004,응급구조사1급                           ,응급의료관련법령,0
2004,응급구조사2급                           ,2급응급구조사 실기,1
2004,응급구조사2급                           ,기본응급처치학총론,0
2004,응급구조사2급                           ,기본응급환자관리,0
2004,응급구조사2급                           ,응급의료관련법령,0
2004,응급구조사2급                           ,기본응급처치학각론,1
2004,응급구조사2급                           ,응급의료장비,0
2004,의사                                    ,의학총론1,1
2004,의사                                    ,의학총론2,0
2004,의사                                    ,의학각론2,0
2004,의사                                    ,보건의약관계 법규,0
2004,의사                                    ,의학각론3,1
2004,의사                                    ,의학각론4,1
2004,의사                                    ,의학각론5,1
2004,의사                                    ,의학각론6,1
2004,의사                                    ,의학각론7,1
2004,의사                                    ,의학총론2(R형),0
2004,의사                                    ,의학각론1(R형),0
2004,의지보조기기사                          ,의지보조기기사 주관식 실기,1
2004,의지보조기기사                          ,운동·생체역학,0
2004,의지보조기기사                          ,재활공학·재료학,0
2004,의지보조기기사                          ,보건의료 관계 법규,0
2004,의지보조기기사                          ,보조기학,1
2004,의지보조기기사                          ,해부·생리학,0
2004,의지보조기기사                          ,재활의학,0
2004,의지보조기기사                          ,의지학,1
2004,임상병리사                              ,의료관계법규,1
2004,임상병리사                              ,임상화학,1
2004,임상병리사                              ,임상미생물학,1
2004,임상병리사                              ,혈액학,1
2004,임상병리사                              ,공중보건학 개론,1
2004,임상병리사                              ,해부생리학 개론,1
2004,임상병리사                              ,조직병리학,1
2004,임상병리사                              ,임상생리학,0
2004,임상병리사                              ,임상병리사 실기,1
2004,조산사                                  ,신생아간호학,0
2004,조산사                                  ,모자보건학,0
2004,조산사                                  ,모자보건법,0
2004,치과기공사                              ,치과기공 주관식 실기,1
2004,치과기공사                              ,의료관계법규,1
2004,치과기공사                              ,구강해부학 개론,1
2004,치과기공사                              ,공중구강보건학 개론,1
2004,치과기공사                              ,치과재료학 개론,1
2004,치과기공사                              ,가철성치열교정장치기공학,1
2004,치과기공사                              ,관교의치기공학,1
2004,치과기공사                              ,치과충전기공학,1
2004,치과기공사                              ,총의치기공학,1
2004,치과기공사                              ,국부의치기공학,1
2004,치과기공사                              ,치과기공 객관식 실기,1
2004,치과위생사                              ,치과위생사 주관식 실기,0
2004,치과위생사                              ,구강생물학 개론,0
2004,치과위생사                              ,의료관계법규,0
2004,치과위생사                              ,치과임상학,0
2004,치과위생사                              ,치과방사선학 개론,0
2004,치과위생사                              ,구강위생학 개론,1
2004,치과위생사                              ,치과위생사 객관식 실기,1
2004,치과의사                                ,구강내과학,1
2004,치과의사                                ,치과교정학,1
2004,치과의사                                ,구강병리학,1
2004,치과의사                                ,구강생물학,1
2004,치과의사                                ,치과보철학,1
2004,치과의사                                ,소아치과학,1
2004,치과의사                                ,구강악안면방사선학,1
2004,치과의사                                ,치주과학,1
2004,치과의사                                ,구강악안면외과학,1
2004,치과의사                                ,치과보존학,1
2004,치과의사                                ,구강보건학,1
2004,치과의사                                ,치과재료학,1
2004,치과의사                                ,보건의약관계 법규,0
2004,한약사                                  ,한약의 생산 및 제조,0
2004,한약사                                  ,한약감정,0
2004,한약사                                  ,한약학의 기초,0
2004,한약사                                  ,한약의 보관 및 유통,0
2004,한의사                                  ,내과학Ⅰ,1
2004,한의사                                  ,내과학Ⅱ,0
2004,한의사                                  ,보건의약관계 법규,0
2004,한의사                                  ,침구학,1
2004,한의사                                  ,외과학,1
2004,한의사                                  ,신경정신과학,1
2004,한의사                                  ,안이비인후과학,1
2004,한의사                                  ,부인과학,1
2004,한의사                                  ,소아과학,1
2004,한의사                                  ,예방의학,1
2004,한의사                                  ,한방생리학,1
2004,한의사                                  ,본초학,1
2005,간호사                                  ,성인간호학,1
2005,간호사                                  ,모성간호학,1
2005,간호사                                  ,아동간호학,1
2005,간호사                                  ,지역사회간호학,1
2005,간호사                                  ,정신간호학,1
2005,간호사                                  ,간호관리학,0
2005,간호사                                  ,기본간호학,0
2005,간호사                                  ,보건의약관계 법규,0
2005,물리치료사                              ,의료관계법규,0
2005,물리치료사                              ,공중보건학 개론,0
2005,물리치료사                              ,해부생리학 개론,0
2005,물리치료사                              ,질환별 물리치료학 개요,0
2005,물리치료사                              ,물리치료학 개요,1
2005,물리치료사                              ,운동치료학 개요,1
2005,물리치료사                              ,물리치료사 실기,1
2005,방사선사                                ,의료관계법규,1
2005,방사선사                                ,공중보건학 개론,1
2005,방사선사                                ,해부생리학 개론,1
2005,방사선사                                ,방사선이론,1
2005,방사선사                                ,방사선응용,1
2005,방사선사                                ,영상진단기술학,1
2005,방사선사                                ,방사선치료기술학,0
2005,방사선사                                ,핵의학기술학,0
2005,방사선사                                ,방사선사 실기,1
2005,보건의료정보관리사                      ,의료관계법규,0
2005,보건의료정보관리사                      ,의학용어,1
2005,보건의료정보관리사                      ,공중보건학 개론,0
2005,보건의료정보관리사                      ,의무기록관리학,1
2005,보건의료정보관리사                      ,의무기록사 실기,1
2005,안경사                                  ,의료관계법규,0
2005,안경사                                  ,안광학,0
2005,안경사                                  ,안경학,1
2005,안경사                                  ,안과학,0
2005,안경사                                  ,안경사 실기,1
2005,약사(4년제),정성분석학,1
2005,약사(4년제),정량분석학,1
2005,약사(4년제),생약학,1
2005,약사(4년제),무기약품제조학,1
2005,약사(4년제),유기약품제조학,1
2005,약사(4년제),위생화학,1
2005,약사(4년제),생화학,1
2005,약사(4년제),약제학,1
2005,약사(4년제),미생물학,0
2005,약사(4년제),약물학,0
2005,약사(4년제),약전,0
2005,약사(4년제),약사 및 마약류 관리에 관한 법령,0
2005,영양사                                  ,영양학,1
2005,영양사                                  ,생화학,1
2005,영양사                                  ,생리학,1
2005,영양사                                  ,식품위생학,1
2005,영양사                                  ,영양교육,1
2005,영양사                                  ,식품위생 관계 법규,0
2005,영양사                                  ,식이요법,0
2005,영양사                                  ,단체급식관리,1
2005,영양사                                  ,식품학 및 조리원리,1
2005,위생사                                  ,환경위생학,1
2005,위생사                                  ,위생곤충학,0
2005,위생사                                  ,위생관계법규,0
2005,위생사                                  ,공중보건학,0
2005,위생사                                  ,식품위생학,1
2005,위생사                                  ,실기시험,1
2005,응급구조사1급                           ,1급응급구조사 실기,1
2005,응급구조사1급                           ,기초의학,0
2005,응급구조사1급                           ,응급환자관리,0
2005,응급구조사1급                           ,전문응급처치학총론,0
2005,응급구조사1급                           ,전문응급처치학각론,1
2005,응급구조사1급                           ,응급의료관련법령,0
2005,응급구조사2급                           ,2급응급구조사 실기,1
2005,응급구조사2급                           ,기본응급처치학총론,0
2005,응급구조사2급                           ,기본응급환자관리,0
2005,응급구조사2급                           ,응급의료관련법령,0
2005,응급구조사2급                           ,기본응급처치학각론,1
2005,응급구조사2급                           ,응급의료장비,0
2005,의사                                    ,의학총론1,1
2005,의사                                    ,의학총론2,1
2005,의사                                    ,의학각론2,1
2005,의사                                    ,보건의약관계 법규,1
2005,의사                                    ,의학각론3,1
2005,의사                                    ,의학각론4,1
2005,의사                                    ,의학각론5,1
2005,의사                                    ,의학각론6,1
2005,의사                                    ,의학각론7,1
2005,의사                                    ,의학총론2(R형),0
2005,의사                                    ,의학각론1(R형),0
2005,의지보조기기사                          ,의지보조기기사 주관식 실기,1
2005,의지보조기기사                          ,운동·생체역학,0
2005,의지보조기기사                          ,재활공학·재료학,0
2005,의지보조기기사                          ,보건의료 관계 법규,0
2005,의지보조기기사                          ,보조기학,1
2005,의지보조기기사                          ,해부·생리학,1
2005,의지보조기기사                          ,재활의학,1
2005,의지보조기기사                          ,의지학,1
2005,임상병리사                              ,의료관계법규,1
2005,임상병리사                              ,임상화학,1
2005,임상병리사                              ,임상미생물학,1
2005,임상병리사                              ,혈액학,1
2005,임상병리사                              ,공중보건학 개론,1
2005,임상병리사                              ,해부생리학 개론,1
2005,임상병리사                              ,조직병리학,1
2005,임상병리사                              ,임상생리학,0
2005,임상병리사                              ,임상병리사 실기,1
2005,작업치료사                              ,의료관계법규,0
2005,작업치료사                              ,공중보건학 개론,0
2005,작업치료사                              ,해부생리학 개론,0
2005,작업치료사                              ,수예 및 공작,0
2005,작업치료사                              ,작업치료학,1
2005,작업치료사                              ,일상생활동작,0
2005,작업치료사                              ,작업치료사 실기,1
2005,조산사                                  ,신생아간호학,0
2005,조산사                                  ,모자보건학,0
2005,조산사                                  ,모자보건법,0
2005,치과기공사                              ,치과기공 주관식 실기,1
2005,치과기공사                              ,의료관계법규,1
2005,치과기공사                              ,구강해부학 개론,1
2005,치과기공사                              ,공중구강보건학 개론,1
2005,치과기공사                              ,치과재료학 개론,1
2005,치과기공사                              ,가철성치열교정장치기공학,1
2005,치과기공사                              ,관교의치기공학,1
2005,치과기공사                              ,치과충전기공학,1
2005,치과기공사                              ,총의치기공학,1
2005,치과기공사                              ,국부의치기공학,1
2005,치과위생사                              ,치과위생사 주관식 실기,0
2005,치과위생사                              ,구강생물학 개론,0
2005,치과위생사                              ,의료관계법규,0
2005,치과위생사                              ,치과임상학,0
2005,치과위생사                              ,치과방사선학 개론,0
2005,치과위생사                              ,구강위생학 개론,1
2005,치과위생사                              ,치과위생사 객관식 실기,1
2005,치과의사                                ,구강내과학,1
2005,치과의사                                ,치과교정학,1
2005,치과의사                                ,구강병리학,1
2005,치과의사                                ,구강생물학,1
2005,치과의사                                ,치과보철학,1
2005,치과의사                                ,소아치과학,1
2005,치과의사                                ,구강악안면방사선학,1
2005,치과의사                                ,치주과학,1
2005,치과의사                                ,구강악안면외과학,1
2005,치과의사                                ,치과보존학,1
2005,치과의사                                ,구강보건학,1
2005,치과의사                                ,치과재료학,1
2005,치과의사                                ,보건의약관계 법규,1
2005,한약사                                  ,한약의 생산 및 제조,0
2005,한약사                                  ,한약감정,0
2005,한약사                                  ,한약학의 기초,0
2005,한약사                                  ,한약의 보관 및 유통,0
2005,한의사                                  ,내과학Ⅰ,1
2005,한의사                                  ,내과학Ⅱ,0
2005,한의사                                  ,보건의약관계 법규,0
2005,한의사                                  ,침구학,1
2005,한의사                                  ,외과학,0
2005,한의사                                  ,신경정신과학,0
2005,한의사                                  ,안이비인후과학,0
2005,한의사                                  ,부인과학,0
2005,한의사                                  ,소아과학,0
2005,한의사                                  ,예방의학,0
2005,한의사                                  ,한방생리학,0
2005,한의사                                  ,본초학,0
2006,간호사                                  ,성인간호학,1
2006,간호사                                  ,모성간호학,1
2006,간호사                                  ,아동간호학,1
2006,간호사                                  ,지역사회간호학,1
2006,간호사                                  ,정신간호학,1
2006,간호사                                  ,간호관리학,1
2006,간호사                                  ,기본간호학,1
2006,간호사                                  ,보건의약관계 법규,0
2006,물리치료사                              ,의료관계법규,0
2006,물리치료사                              ,공중보건학 개론,0
2006,물리치료사                              ,해부생리학 개론,0
2006,물리치료사                              ,질환별 물리치료학 개요,0
2006,물리치료사                              ,물리치료학 개요,1
2006,물리치료사                              ,운동치료학 개요,1
2006,물리치료사                              ,물리치료사 실기,1
2006,방사선사                                ,의료관계법규,1
2006,방사선사                                ,공중보건학 개론,1
2006,방사선사                                ,해부생리학 개론,1
2006,방사선사                                ,방사선이론,1
2006,방사선사                                ,방사선응용,1
2006,방사선사                                ,영상진단기술학,1
2006,방사선사                                ,방사선치료기술학,0
2006,방사선사                                ,핵의학기술학,0
2006,방사선사                                ,방사선사 실기,1
2006,보건의료정보관리사                      ,의료관계법규,0
2006,보건의료정보관리사                      ,의학용어,1
2006,보건의료정보관리사                      ,공중보건학 개론,0
2006,보건의료정보관리사                      ,의무기록관리학,1
2006,보건의료정보관리사                      ,의무기록사 실기,1
2006,안경사                                  ,의료관계법규,1
2006,안경사                                  ,안광학,1
2006,안경사                                  ,안경학,1
2006,안경사                                  ,안과학,1
2006,안경사                                  ,안경사 실기,1
2006,약사(4년제),정성분석학,1
2006,약사(4년제),정량분석학,1
2006,약사(4년제),약제학,1
2006,약사(4년제),약전,1
2006,약사(4년제),약물학,1
2006,약사(4년제),생화학,1
2006,약사(4년제),위생화학,1
2006,약사(4년제),미생물학,1
2006,약사(4년제),유기약품제조학,1
2006,약사(4년제),무기약품제조학,1
2006,약사(4년제),생약학,1
2006,약사(4년제),약사 및 마약류 관리에 관한 법령,1
2006,영양사                                  ,영양학,1
2006,영양사                                  ,생화학,0
2006,영양사                                  ,생리학,0
2006,영양사                                  ,식품위생학,0
2006,영양사                                  ,영양교육,0
2006,영양사                                  ,식품위생 관계 법규,0
2006,영양사                                  ,식사요법,0
2006,영양사                                  ,단체급식관리,1
2006,영양사                                  ,식품학 및 조리원리,1
2006,위생사                                  ,환경위생학,1
2006,위생사                                  ,위생곤충학,0
2006,위생사                                  ,위생관계법규,0
2006,위생사                                  ,공중보건학,0
2006,위생사                                  ,식품위생학,1
2006,위생사                                  ,실기시험,1
2006,응급구조사1급                           ,1급응급구조사 실기,1
2006,응급구조사1급                           ,기초의학,0
2006,응급구조사1급                           ,응급환자관리,0
2006,응급구조사1급                           ,전문응급처치학총론,0
2006,응급구조사1급                           ,전문응급처치학각론,1
2006,응급구조사1급                           ,응급의료관련법령,0
2006,응급구조사2급                           ,2급응급구조사 실기,1
2006,응급구조사2급                           ,기본응급처치학총론,0
2006,응급구조사2급                           ,기본응급환자관리,0
2006,응급구조사2급                           ,응급의료관련법령,0
2006,응급구조사2급                           ,기본응급처치학각론,1
2006,응급구조사2급                           ,응급의료장비,0
2006,의사                                    ,의학총론1,1
2006,의사                                    ,의학총론2,0
2006,의사                                    ,의학각론2,0
2006,의사                                    ,보건의약관계 법규,0
2006,의사                                    ,의학각론3,1
2006,의사                                    ,의학각론4,1
2006,의사                                    ,의학각론5,1
2006,의사                                    ,의학각론6,1
2006,의사                                    ,의학각론7,1
2006,의사                                    ,의학총론2(R형),0
2006,의사                                    ,의학각론1(R형),0
2006,의지보조기기사                          ,의지보조기기사 주관식 실기,1
2006,의지보조기기사                          ,운동·생체역학,0
2006,의지보조기기사                          ,재활공학·재료학,0
2006,의지보조기기사                          ,보건의료 관계 법규,0
2006,의지보조기기사                          ,보조기학,1
2006,의지보조기기사                          ,해부·생리학,0
2006,의지보조기기사                          ,재활의학,0
2006,의지보조기기사                          ,의지학,1
2006,임상병리사                              ,의료관계법규,0
2006,임상병리사                              ,임상화학,0
2006,임상병리사                              ,임상미생물학,0
2006,임상병리사                              ,혈액학,0
2006,임상병리사                              ,공중보건학 개론,0
2006,임상병리사                              ,해부생리학 개론,0
2006,임상병리사                              ,조직병리학,0
2006,임상병리사                              ,임상생리학,0
2006,임상병리사                              ,임상병리사 실기,1
2006,작업치료사                              ,의료관계법규,0
2006,작업치료사                              ,공중보건학 개론,0
2006,작업치료사                              ,해부생리학 개론,0
2006,작업치료사                              ,수예 및 공작,0
2006,작업치료사                              ,작업치료학,1
2006,작업치료사                              ,일상생활동작,0
2006,작업치료사                              ,작업치료사 실기,1
2006,조산사                                  ,신생아간호학,0
2006,조산사                                  ,모자보건학,0
2006,조산사                                  ,모자보건법,0
2006,치과기공사                              ,치과기공 주관식 실기,1
2006,치과기공사                              ,의료관계법규,0
2006,치과기공사                              ,구강해부학 개론,0
2006,치과기공사                              ,공중구강보건학 개론,0
2006,치과기공사                              ,치과재료학 개론,0
2006,치과기공사                              ,가철성치열교정장치기공학,0
2006,치과기공사                              ,관교의치기공학,0
2006,치과기공사                              ,치과충전기공학,0
2006,치과기공사                              ,총의치기공학,0
2006,치과기공사                              ,국부의치기공학,0
2006,치과위생사                              ,치과위생사 주관식 실기,1
2006,치과위생사                              ,구강생물학 개론,0
2006,치과위생사                              ,의료관계법규,0
2006,치과위생사                              ,치과임상학,0
2006,치과위생사                              ,치과방사선학 개론,0
2006,치과위생사                              ,구강위생학 개론,1
2006,치과의사                                ,구강내과학,1
2006,치과의사                                ,치과교정학,1
2006,치과의사                                ,구강병리학,1
2006,치과의사                                ,구강생물학,1
2006,치과의사                                ,치과보철학,1
2006,치과의사                                ,소아치과학,1
2006,치과의사                                ,구강악안면방사선학,1
2006,치과의사                                ,치주과학,1
2006,치과의사                                ,구강악안면외과학,1
2006,치과의사                                ,치과보존학,1
2006,치과의사                                ,구강보건학,1
2006,치과의사                                ,치과재료학,1
2006,치과의사                                ,보건의약관계 법규,1
2006,한약사                                  ,한약의 생산 및 제조,1
2006,한약사                                  ,한약감정,0
2006,한약사                                  ,한약학의 기초,0
2006,한약사                                  ,한약의 보관 및 유통,0
2006,한의사                                  ,내과학Ⅰ,1
2006,한의사                                  ,내과학Ⅱ,0
2006,한의사                                  ,보건의약관계 법규,0
2006,한의사                                  ,침구학,1
2006,한의사                                  ,외과학,0
2006,한의사                                  ,신경정신과학,0
2006,한의사                                  ,안이비인후과학,0
2006,한의사                                  ,부인과학,0
2006,한의사                                  ,소아과학,0
2006,한의사                                  ,예방의학,0
2006,한의사                                  ,한방생리학,0
2006,한의사                                  ,본초학,0
2007,간호사                                  ,성인간호학,1
2007,간호사                                  ,모성간호학,1
2007,간호사                                  ,아동간호학,1
2007,간호사                                  ,지역사회간호학,1
2007,간호사                                  ,정신간호학,1
2007,간호사                                  ,간호관리학,1
2007,간호사                                  ,기본간호학,1
2007,간호사                                  ,보건의약관계 법규,1
2007,물리치료사                              ,의료관계법규,1
2007,물리치료사                              ,공중보건학 개론,0
2007,물리치료사                              ,해부생리학 개론,0
2007,물리치료사                              ,질환별 물리치료학 개요,0
2007,물리치료사                              ,물리치료학 개요,1
2007,물리치료사                              ,운동치료학 개요,1
2007,물리치료사                              ,물리치료사 실기,1
2007,방사선사                                ,의료관계법규,1
2007,방사선사                                ,공중보건학 개론,1
2007,방사선사                                ,해부생리학 개론,1
2007,방사선사                                ,방사선이론,1
2007,방사선사                                ,방사선응용,1
2007,방사선사                                ,영상진단기술학,1
2007,방사선사                                ,방사선치료기술학,1
2007,방사선사                                ,핵의학기술학,0
2007,방사선사                                ,방사선사 실기,1
2007,보건의료정보관리사                      ,의료관계법규,0
2007,보건의료정보관리사                      ,공중보건학 개론,0
2007,보건의료정보관리사                      ,의학용어,1
2007,보건의료정보관리사                      ,의무기록관리학,1
2007,보건의료정보관리사                      ,의무기록사 실기,1
2007,안경사                                  ,의료관계법규,0
2007,안경사                                  ,안광학,0
2007,안경사                                  ,안경학,1
2007,안경사                                  ,안과학,0
2007,안경사                                  ,안경사 실기,1
2007,약사(4년제),정성분석학,1
2007,약사(4년제),정량분석학,1
2007,약사(4년제),약제학,1
2007,약사(4년제),약전,1
2007,약사(4년제),약물학,1
2007,약사(4년제),생화학,1
2007,약사(4년제),위생화학,1
2007,약사(4년제),미생물학,1
2007,약사(4년제),유기약품제조학,1
2007,약사(4년제),무기약품제조학,1
2007,약사(4년제),생약학,1
2007,약사(4년제),약사 및 마약류 관리에 관한 법령,1
2007,영양사                                  ,영양학,1
2007,영양사                                  ,생화학,0
2007,영양사                                  ,생리학,0
2007,영양사                                  ,식품위생학,0
2007,영양사                                  ,영양교육,0
2007,영양사                                  ,식품위생 관계 법규,0
2007,영양사                                  ,식사요법,0
2007,영양사                                  ,단체급식관리,1
2007,영양사                                  ,식품학 및 조리원리,1
2007,위생사                                  ,환경위생학,1
2007,위생사                                  ,위생곤충학,0
2007,위생사                                  ,위생관계법규,0
2007,위생사                                  ,공중보건학,0
2007,위생사                                  ,식품위생학,1
2007,위생사                                  ,실기시험,1
2007,응급구조사1급                           ,1급응급구조사 실기,1
2007,응급구조사1급                           ,기초의학,0
2007,응급구조사1급                           ,응급환자관리,0
2007,응급구조사1급                           ,전문응급처치학총론,0
2007,응급구조사1급                           ,전문응급처치학각론,1
2007,응급구조사1급                           ,응급의료관련법령,0
2007,응급구조사2급                           ,2급응급구조사 실기,1
2007,응급구조사2급                           ,기본응급처치학총론,0
2007,응급구조사2급                           ,기본응급환자관리,0
2007,응급구조사2급                           ,응급의료관련법령,0
2007,응급구조사2급                           ,기본응급처치학각론,1
2007,응급구조사2급                           ,응급의료장비,0
2007,의사                                    ,의학총론1,1
2007,의사                                    ,의학총론2,0
2007,의사                                    ,의학각론2,0
2007,의사                                    ,보건의약관계 법규,0
2007,의사                                    ,의학각론3,1
2007,의사                                    ,의학각론4,1
2007,의사                                    ,의학각론5,1
2007,의사                                    ,의학각론6,1
2007,의사                                    ,의학각론7,1
2007,의사                                    ,의학총론2(R형),0
2007,의사                                    ,의학각론1(R형),0
2007,의지보조기기사                          ,의지보조기기사 주관식 실기,1
2007,의지보조기기사                          ,운동·생체역학,0
2007,의지보조기기사                          ,재활공학·재료학,0
2007,의지보조기기사                          ,보건의료 관계 법규,0
2007,의지보조기기사                          ,보조기학,1
2007,의지보조기기사                          ,해부·생리학,0
2007,의지보조기기사                          ,재활의학,0
2007,의지보조기기사                          ,의지학,1
2007,임상병리사                              ,의료관계법규,1
2007,임상병리사                              ,임상화학,1
2007,임상병리사                              ,임상미생물학,1
2007,임상병리사                              ,혈액학,1
2007,임상병리사                              ,공중보건학 개론,1
2007,임상병리사                              ,해부생리학 개론,1
2007,임상병리사                              ,조직병리학,0
2007,임상병리사                              ,임상생리학,0
2007,임상병리사                              ,임상병리사 실기,1
2007,작업치료사                              ,의료관계법규,0
2007,작업치료사                              ,공중보건학 개론,0
2007,작업치료사                              ,해부생리학 개론,0
2007,작업치료사                              ,수예 및 공작,0
2007,작업치료사                              ,작업치료학,1
2007,작업치료사                              ,일상생활동작,0
2007,작업치료사                              ,작업치료사 실기,1
2007,조산사                                  ,신생아간호학,0
2007,조산사                                  ,모자보건학,0
2007,조산사                                  ,모자보건법,0
2007,치과기공사                              ,치과기공 주관식 실기,1
2007,치과기공사                              ,의료관계법규,1
2007,치과기공사                              ,구강해부학 개론,1
2007,치과기공사                              ,공중구강보건학 개론,1
2007,치과기공사                              ,치과재료학 개론,1
2007,치과기공사                              ,가철성치열교정장치기공학,1
2007,치과기공사                              ,관교의치기공학,1
2007,치과기공사                              ,치과충전기공학,1
2007,치과기공사                              ,총의치기공학,0
2007,치과기공사                              ,국부의치기공학,0
2007,치과위생사                              ,치과위생사 주관식 실기,1
2007,치과위생사                              ,구강생물학 개론,0
2007,치과위생사                              ,의료관계법규,0
2007,치과위생사                              ,치과임상학,0
2007,치과위생사                              ,치과방사선학 개론,0
2007,치과위생사                              ,구강위생학 개론,1
2007,치과의사                                ,구강내과학,1
2007,치과의사                                ,치과교정학,1
2007,치과의사                                ,구강병리학,1
2007,치과의사                                ,구강생물학,1
2007,치과의사                                ,치과보철학,1
2007,치과의사                                ,소아치과학,1
2007,치과의사                                ,구강악안면방사선학,1
2007,치과의사                                ,치주과학,1
2007,치과의사                                ,구강악안면외과학,1
2007,치과의사                                ,치과보존학,1
2007,치과의사                                ,구강보건학,1
2007,치과의사                                ,치과재료학,1
2007,치과의사                                ,보건의약관계 법규,1
2007,한약사                                  ,한약의 생산 및 제조,0
2007,한약사                                  ,한약감정,0
2007,한약사                                  ,한약학의 기초,0
2007,한약사                                  ,한약의 보관 및 유통,0
2007,한의사                                  ,내과학Ⅰ,1
2007,한의사                                  ,내과학Ⅱ,0
2007,한의사                                  ,보건의약관계 법규,0
2007,한의사                                  ,침구학,1
2007,한의사                                  ,외과학,1
2007,한의사                                  ,신경정신과학,1
2007,한의사                                  ,안이비인후과학,1
2007,한의사                                  ,부인과학,1
2007,한의사                                  ,소아과학,1
2007,한의사                                  ,예방의학,1
2007,한의사                                  ,한방생리학,0
2007,한의사                                  ,본초학,0
2008,간호사                                  ,성인간호학,1
2008,간호사                                  ,모성간호학,0
2008,간호사                                  ,아동간호학,0
2008,간호사                                  ,지역사회간호학,0
2008,간호사                                  ,정신간호학,0
2008,간호사                                  ,간호관리학,0
2008,간호사                                  ,기본간호학,0
2008,간호사                                  ,보건의약관계 법규,0
2008,물리치료사                              ,의료관계법규,0
2008,물리치료사                              ,공중보건학 개론,0
2008,물리치료사                              ,해부생리학 개론,0
2008,물리치료사                              ,질환별 물리치료학 개요,0
2008,물리치료사                              ,물리치료학 개요,1
2008,물리치료사                              ,운동치료학 개요,1
2008,물리치료사                              ,물리치료사 실기,1
2008,방사선사                                ,의료관계법규,1
2008,방사선사                                ,공중보건학 개론,1
2008,방사선사                                ,해부생리학 개론,1
2008,방사선사                                ,방사선이론,1
2008,방사선사                                ,방사선응용,1
2008,방사선사                                ,영상진단기술학,1
2008,방사선사                                ,방사선치료기술학,1
2008,방사선사                                ,핵의학기술학,1
2008,방사선사                                ,방사선사 실기,1
2008,보건의료정보관리사                      ,의료관계법규,0
2008,보건의료정보관리사                      ,공중보건학 개론,0
2008,보건의료정보관리사                      ,의학용어,1
2008,보건의료정보관리사                      ,의무기록관리학,1
2008,보건의료정보관리사                      ,의무기록사 실기,1
2008,안경사                                  ,의료관계법규,0
2008,안경사                                  ,안광학,0
2008,안경사                                  ,안경학,1
2008,안경사                                  ,안과학,0
2008,안경사                                  ,안경사 실기,1
2008,약사(4년제),정성분석학,1
2008,약사(4년제),정량분석학,1
2008,약사(4년제),약제학,1
2008,약사(4년제),약전,1
2008,약사(4년제),약물학,0
2008,약사(4년제),생화학,0
2008,약사(4년제),위생화학,0
2008,약사(4년제),미생물학,0
2008,약사(4년제),유기약품제조학,1
2008,약사(4년제),무기약품제조학,1
2008,약사(4년제),생약학,1
2008,약사(4년제),약사 및 마약류 관리에 관한 법령,1
2008,영양사                                  ,영양학,1
2008,영양사                                  ,생화학,1
2008,영양사                                  ,생리학,1
2008,영양사                                  ,식품위생학,1
2008,영양사                                  ,영양교육,1
2008,영양사                                  ,식품위생 관계 법규,1
2008,영양사                                  ,식사요법,1
2008,영양사                                  ,단체급식관리,1
2008,영양사                                  ,식품학 및 조리원리,1
2008,위생사                                  ,환경위생학,1
2008,위생사                                  ,위생곤충학,0
2008,위생사                                  ,위생 관계 법령,0
2008,위생사                                  ,공중보건학,0
2008,위생사                                  ,식품위생학,1
2008,위생사                                  ,실기시험,1
2008,응급구조사1급                           ,1급응급구조사 실기,1
2008,응급구조사1급                           ,기초의학,0
2008,응급구조사1급                           ,응급환자관리,0
2008,응급구조사1급                           ,전문응급처치학총론,0
2008,응급구조사1급                           ,전문응급처치학각론,1
2008,응급구조사1급                           ,응급의료관련법령,0
2008,응급구조사2급                           ,2급응급구조사 실기,1
2008,응급구조사2급                           ,기본응급처치학총론,0
2008,응급구조사2급                           ,기본응급환자관리,0
2008,응급구조사2급                           ,응급의료관련법령,0
2008,응급구조사2급                           ,기본응급처치학각론,1
2008,응급구조사2급                           ,응급의료장비,0
2008,의사                                    ,의학총론1,1
2008,의사                                    ,의학총론2,0
2008,의사                                    ,의학각론2,0
2008,의사                                    ,보건의약관계 법규,0
2008,의사                                    ,의학각론3,1
2008,의사                                    ,의학각론4,1
2008,의사                                    ,의학각론5,1
2008,의사                                    ,의학각론6,1
2008,의사                                    ,의학각론7,1
2008,의사                                    ,의학총론2(R형),0
2008,의사                                    ,의학각론1(R형),0
2008,의지보조기기사                          ,의지보조기기사 주관식 실기,1
2008,의지보조기기사                          ,운동·생체역학,1
2008,의지보조기기사                          ,재활공학·재료학,1
2008,의지보조기기사                          ,보건의료 관계 법규,1
2008,의지보조기기사                          ,보조기학,1
2008,의지보조기기사                          ,해부·생리학,1
2008,의지보조기기사                          ,재활의학,1
2008,의지보조기기사                          ,의지학,1
2008,임상병리사                              ,의료관계법규,1
2008,임상병리사                              ,임상화학,1
2008,임상병리사                              ,임상미생물학,1
2008,임상병리사                              ,혈액학,1
2008,임상병리사                              ,공중보건학 개론,1
2008,임상병리사                              ,해부생리학 개론,1
2008,임상병리사                              ,조직병리학,0
2008,임상병리사                              ,임상생리학,0
2008,임상병리사                              ,임상병리사 실기,1
2008,작업치료사                              ,의료관계법규,0
2008,작업치료사                              ,공중보건학 개론,0
2008,작업치료사                              ,해부생리학 개론,0
2008,작업치료사                              ,수예 및 공작,0
2008,작업치료사                              ,작업치료학,1
2008,작업치료사                              ,일상생활동작,0
2008,작업치료사                              ,작업치료사 실기,1
2008,조산사                                  ,신생아간호학,0
2008,조산사                                  ,모자보건학,0
2008,조산사                                  ,모자보건법,0
2008,치과기공사                              ,치과기공 주관식 실기,1
2008,치과기공사                              ,의료관계법규,1
2008,치과기공사                              ,구강해부학 개론,1
2008,치과기공사                              ,공중구강보건학 개론,1
2008,치과기공사                              ,치과재료학 개론,1
2008,치과기공사                              ,가철성치열교정장치기공학,1
2008,치과기공사                              ,관교의치기공학,1
2008,치과기공사                              ,치과충전기공학,1
2008,치과기공사                              ,총의치기공학,1
2008,치과기공사                              ,국부의치기공학,0
2008,치과위생사                              ,치과위생사 주관식 실기,1
2008,치과위생사                              ,구강생물학 개론,0
2008,치과위생사                              ,의료관계법규,0
2008,치과위생사                              ,치과임상학,0
2008,치과위생사                              ,치과방사선학 개론,0
2008,치과위생사                              ,구강위생학 개론,1
2008,치과의사                                ,구강내과학,1
2008,치과의사                                ,치과교정학,1
2008,치과의사                                ,구강병리학,1
2008,치과의사                                ,구강생물학,1
2008,치과의사                                ,치과보철학,1
2008,치과의사                                ,소아치과학,1
2008,치과의사                                ,구강악안면방사선학,1
2008,치과의사                                ,치주과학,1
2008,치과의사                                ,구강악안면외과학,1
2008,치과의사                                ,치과보존학,1
2008,치과의사                                ,구강보건학,1
2008,치과의사                                ,치과재료학,1
2008,치과의사                                ,보건의약관계 법규,0
2008,한약사                                  ,한약의 생산 및 제조,0
2008,한약사                                  ,한약감정,0
2008,한약사                                  ,한약학의 기초,0
2008,한약사                                  ,한약의 보관 및 유통,0
2008,한의사                                  ,내과학Ⅰ,1
2008,한의사                                  ,내과학Ⅱ,0
2008,한의사                                  ,보건의약관계 법규,0
2008,한의사                                  ,침구학,1
2008,한의사                                  ,외과학,1
2008,한의사                                  ,신경정신과학,1
2008,한의사                                  ,안이비인후과학,1
2008,한의사                                  ,부인과학,1
2008,한의사                                  ,소아과학,1
2008,한의사                                  ,예방의학,1
2008,한의사                                  ,한방생리학,1
2008,한의사                                  ,본초학,1
2009,간호사                                  ,성인간호학,1
2009,간호사                                  ,모성간호학,1
2009,간호사                                  ,아동간호학,1
2009,간호사                                  ,지역사회간호학,1
2009,간호사                                  ,정신간호학,1
2009,간호사                                  ,간호관리학,1
2009,간호사                                  ,기본간호학,1
2009,간호사                                  ,보건의약관계 법규,1
2009,물리치료사                              ,의료관계법규,1
2009,물리치료사                              ,공중보건학 개론,0
2009,물리치료사                              ,해부생리학 개론,0
2009,물리치료사                              ,질환별 물리치료학 개요,0
2009,물리치료사                              ,물리치료학 개요,1
2009,물리치료사                              ,운동치료학 개요,1
2009,물리치료사                              ,물리치료사 실기,1
2009,방사선사                                ,의료관계법규,0
2009,방사선사                                ,공중보건학 개론,0
2009,방사선사                                ,해부생리학 개론,0
2009,방사선사                                ,방사선이론,0
2009,방사선사                                ,방사선응용,0
2009,방사선사                                ,영상진단기술학,0
2009,방사선사                                ,방사선치료기술학,0
2009,방사선사                                ,핵의학기술학,0
2009,방사선사                                ,방사선사 실기,1
2009,보건의료정보관리사                      ,의료관계법규,0
2009,보건의료정보관리사                      ,공중보건학 개론,0
2009,보건의료정보관리사                      ,의학용어,1
2009,보건의료정보관리사                      ,의무기록관리학,1
2009,보건의료정보관리사                      ,의무기록사 실기,1
2009,안경사                                  ,의료관계법규,0
2009,안경사                                  ,안광학,0
2009,안경사                                  ,안경학,1
2009,안경사                                  ,안과학,0
2009,안경사                                  ,안경사 실기,1
2009,약사(4년제),정성분석학,1
2009,약사(4년제),정량분석학,1
2009,약사(4년제),약제학,1
2009,약사(4년제),대한약전,1
2009,약사(4년제),약물학,1
2009,약사(4년제),생화학,1
2009,약사(4년제),위생화학,1
2009,약사(4년제),미생물학,1
2009,약사(4년제),약사 및 마약류 관리에 관한 법령,1
2009,약사(4년제),유기약품제조학,1
2009,약사(4년제),무기약품제조학,0
2009,약사(4년제),생약학,0
2009,약사(4년제),정성분석학(R형),0
2009,약사(4년제),정량분석학(R형),0
2009,약사(4년제),약제학(R형),1
2009,약사(4년제),대한약전(R형),1
2009,약사(4년제),약물학(R형),1
2009,약사(4년제),생화학(R형),1
2009,약사(4년제),위생화학(R형),1
2009,약사(4년제),미생물학(R형),1
2009,약사(4년제),유기약품제조학(R형),1
2009,약사(4년제),무기약품제조학(R형),1
2009,약사(4년제),생약학(R형),1
2009,영양사                                  ,영양학,1
2009,영양사                                  ,생화학,1
2009,영양사                                  ,생리학,1
2009,영양사                                  ,식품위생학,1
2009,영양사                                  ,영양교육,1
2009,영양사                                  ,식품위생 관계 법규,1
2009,영양사                                  ,식사요법,1
2009,영양사                                  ,단체급식관리,1
2009,영양사                                  ,식품학 및 조리원리,1
2009,위생사                                  ,환경위생학,1
2009,위생사                                  ,위생곤충학,0
2009,위생사                                  ,위생 관계 법령,0
2009,위생사                                  ,공중보건학,0
2009,위생사                                  ,식품위생학,1
2009,위생사                                  ,실기시험,1
2009,응급구조사1급                           ,1급응급구조사 실기,1
2009,응급구조사1급                           ,기초의학,0
2009,응급구조사1급                           ,응급환자관리,0
2009,응급구조사1급                           ,전문응급처치학총론,0
2009,응급구조사1급                           ,전문응급처치학각론,1
2009,응급구조사1급                           ,응급의료관련법령,0
2009,응급구조사2급                           ,2급응급구조사 실기,1
2009,응급구조사2급                           ,기본응급처치학총론,0
2009,응급구조사2급                           ,기본응급환자관리,0
2009,응급구조사2급                           ,응급의료관련법령,0
2009,응급구조사2급                           ,기본응급처치학각론,1
2009,응급구조사2급                           ,응급의료장비,0
2009,의사                                    ,의학총론1,1
2009,의사                                    ,의학총론2,0
2009,의사                                    ,의학각론2,0
2009,의사                                    ,보건의약관계 법규,0
2009,의사                                    ,의학각론3,1
2009,의사                                    ,의학각론4,1
2009,의사                                    ,의학각론5,1
2009,의사                                    ,의학각론6,1
2009,의사                                    ,의학각론7,1
2009,의사                                    ,의학총론2(R형),0
2009,의사                                    ,의학각론1(R형),0
2009,의지보조기기사                          ,의지보조기기사 주관식 실기,1
2009,의지보조기기사                          ,운동·생체역학,0
2009,의지보조기기사                          ,재활공학·재료학,0
2009,의지보조기기사                          ,보건의료 관계 법규,0
2009,의지보조기기사                          ,보조기학,1
2009,의지보조기기사                          ,해부·생리학,0
2009,의지보조기기사                          ,재활의학,0
2009,의지보조기기사                          ,의지학,1
2009,임상병리사                              ,의료관계법규,0
2009,임상병리사                              ,임상화학,0
2009,임상병리사                              ,임상미생물학,0
2009,임상병리사                              ,혈액학,0
2009,임상병리사                              ,공중보건학 개론,0
2009,임상병리사                              ,해부생리학 개론,0
2009,임상병리사                              ,조직병리학,0
2009,임상병리사                              ,임상생리학,0
2009,임상병리사                              ,임상병리사 실기,1
2009,작업치료사                              ,의료관계법규,1
2009,작업치료사                              ,의료관계법규,1
2009,작업치료사                              ,공중보건학 개론,1
2009,작업치료사                              ,공중보건학 개론,1
2009,작업치료사                              ,해부생리학 개요,1
2009,작업치료사                              ,해부생리학 개요,1
2009,작업치료사                              ,수예 및 공작,1
2009,작업치료사                              ,수예 및 공작,1
2009,작업치료사                              ,작업치료 개론,1
2009,작업치료사                              ,작업치료 개론,1
2009,작업치료사                              ,일상생활동작,0
2009,작업치료사                              ,일상생활동작,0
2009,작업치료사                              ,작업치료사 실기,1
2009,작업치료사                              ,작업치료사 실기,1
2009,조산사                                  ,신생아간호학,0
2009,조산사                                  ,모자보건학,0
2009,조산사                                  ,모자보건법,0
2009,치과기공사                              ,치과기공 주관식 실기,1
2009,치과기공사                              ,의료관계법규,1
2009,치과기공사                              ,구강해부학 개론,1
2009,치과기공사                              ,공중구강보건학 개론,1
2009,치과기공사                              ,치과재료학 개론,1
2009,치과기공사                              ,가철성치열교정장치기공학,1
2009,치과기공사                              ,관교의치기공학,1
2009,치과기공사                              ,치과충전기공학,1
2009,치과기공사                              ,총의치기공학,1
2009,치과기공사                              ,국부의치기공학,1
2009,치과위생사                              ,치과위생사 주관식 실기,1
2009,치과위생사                              ,구강생물학 개론,0
2009,치과위생사                              ,의료관계법규,0
2009,치과위생사                              ,치과임상학,0
2009,치과위생사                              ,치과방사선학 개론,0
2009,치과위생사                              ,구강위생학 개론,1
2009,치과의사                                ,구강내과학,1
2009,치과의사                                ,치과교정학,1
2009,치과의사                                ,구강병리학,1
2009,치과의사                                ,구강생물학,1
2009,치과의사                                ,치과보철학,1
2009,치과의사                                ,소아치과학,1
2009,치과의사                                ,구강악안면방사선학,1
2009,치과의사                                ,치주과학,1
2009,치과의사                                ,구강악안면외과학,0
2009,치과의사                                ,치과보존학,0
2009,치과의사                                ,구강보건학,0
2009,치과의사                                ,치과재료학,0
2009,치과의사                                ,보건의약관계 법규,0
2009,한약사                                  ,한약의 생산 및 제조,0
2009,한약사                                  ,한약감정,0
2009,한약사                                  ,한약학의 기초,0
2009,한약사                                  ,한약의 보관 및 유통,0
2009,한약조제자격                            ,본초학,1
2009,한약조제자격                            ,방제학,1
2009,한약조제자격                            ,한약조제지침서,1
2009,한약조제자격                            ,50종 이상의 한약재 감별능력,1
2009,한의사                                  ,내과학Ⅰ,1
2009,한의사                                  ,내과학Ⅱ,0
2009,한의사                                  ,보건의약관계 법규,0
2009,한의사                                  ,침구학,1
2009,한의사                                  ,외과학,0
2009,한의사                                  ,신경정신과학,0
2009,한의사                                  ,안이비인후과학,0
2009,한의사                                  ,부인과학,0
2009,한의사                                  ,소아과학,0
2009,한의사                                  ,예방의학,0
2009,한의사                                  ,한방생리학,0
2009,한의사                                  ,본초학,0
2010,간호사                                  ,성인간호학,1
2010,간호사                                  ,모성간호학,0
2010,간호사                                  ,아동간호학,0
2010,간호사                                  ,지역사회간호학,0
2010,간호사                                  ,정신간호학,0
2010,간호사                                  ,간호관리학,0
2010,간호사                                  ,기본간호학,0
2010,간호사                                  ,보건의약관계 법규,0
2010,물리치료사                              ,의료관계법규,0
2010,물리치료사                              ,공중보건학 개론,0
2010,물리치료사                              ,해부생리학 개론,0
2010,물리치료사                              ,질환별 물리치료학 개요,0
2010,물리치료사                              ,물리치료학 개요,1
2010,물리치료사                              ,운동치료학 개요,1
2010,물리치료사                              ,물리치료사 실기,1
2010,방사선사                                ,의료관계법규,1
2010,방사선사                                ,의료관계법규,1
2010,방사선사                                ,공중보건학 개론,1
2010,방사선사                                ,공중보건학 개론,1
2010,방사선사                                ,해부생리학 개론,1
2010,방사선사                                ,해부생리학 개론,1
2010,방사선사                                ,방사선이론,1
2010,방사선사                                ,방사선이론,1
2010,방사선사                                ,방사선응용,1
2010,방사선사                                ,방사선응용,1
2010,방사선사                                ,영상진단기술학,0
2010,방사선사                                ,영상진단기술학,0
2010,방사선사                                ,방사선치료기술학,0
2010,방사선사                                ,방사선치료기술학,0
2010,방사선사                                ,핵의학기술학,0
2010,방사선사                                ,핵의학기술학,0
2010,방사선사                                ,방사선사 실기,1
2010,방사선사                                ,방사선사 실기,1
2010,보건교육사 2급                          ,보건프로그램 개발 및 평가,1
2010,보건교육사 2급                          ,보건교육방법론,1
2010,보건교육사 2급                          ,보건사업관리,1
2010,보건교육사 2급                          ,보건의료법규,1
2010,보건교육사 2급                          ,조사방법론,1
2010,보건교육사 2급                          ,보건의사소통,1
2010,보건교육사 2급                          ,보건학,1
2010,보건교육사 2급                          ,보건교육학,1
2010,보건교육사 3급                          ,보건프로그램 개발 및 평가,1
2010,보건교육사 3급                          ,보건학,1
2010,보건교육사 3급                          ,보건교육학,1
2010,보건교육사 3급                          ,보건의료법규,0
2010,보건의료정보관리사                      ,의료관계법규,0
2010,보건의료정보관리사                      ,공중보건학 개론,0
2010,보건의료정보관리사                      ,의학용어,1
2010,보건의료정보관리사                      ,의무기록관리학,1
2010,보건의료정보관리사                      ,의무기록사 실기,1
2010,안경사                                  ,의료관계법규,0
2010,안경사                                  ,의료관계법규,0
2010,안경사                                  ,안광학,0
2010,안경사                                  ,안경학,1
2010,안경사                                  ,안경학,1
2010,안경사                                  ,안과학,0
2010,안경사                                  ,안광학,1
2010,안경사                                  ,안경사 실기,1
2010,안경사                                  ,안과학,0
2010,약사(4년제),정성분석학,0
2010,약사(4년제),정량분석학,0
2010,약사(4년제),약제학,0
2010,약사(4년제),대한약전,1
2010,약사(4년제),약물학,1
2010,약사(4년제),생화학,1
2010,약사(4년제),위생화학,1
2010,약사(4년제),미생물학,1
2010,약사(4년제),약사 및 마약류 관리에 관한 법령,1
2010,약사(4년제),유기약품제조학,1
2010,약사(4년제),무기약품제조학,1
2010,약사(4년제),생약학,1
2010,약사(4년제),정성분석학(R형),1
2010,약사(4년제),정량분석학(R형),1
2010,약사(4년제),약제학(R형),1
2010,약사(4년제),대한약전(R형),1
2010,약사(4년제),약물학(R형),1
2010,약사(4년제),생화학(R형),1
2010,약사(4년제),위생화학(R형),1
2010,약사(4년제),미생물학(R형),1
2010,약사(4년제),유기약품제조학(R형),1
2010,약사(4년제),무기약품제조학(R형),1
2010,약사(4년제),생약학(R형),1
2010,영양사                                  ,영양학,1
2010,영양사                                  ,생화학,0
2010,영양사                                  ,생리학,0
2010,영양사                                  ,식품위생학,0
2010,영양사                                  ,영양교육,0
2010,영양사                                  ,식품위생 관계 법규,0
2010,영양사                                  ,식사요법,0
2010,영양사                                  ,단체급식관리,1
2010,영양사                                  ,식품학 및 조리원리,1
2010,요양보호사                              ,요양보호론,0
2010,요양보호사                              ,요양보호론,0
2010,요양보호사                              ,실기시험,0
2010,요양보호사                              ,실기시험,0
2010,위생사                                  ,위생 관계 법령,0
2010,위생사                                  ,환경위생학,1
2010,위생사                                  ,위생곤충학,0
2010,위생사                                  ,공중보건학,0
2010,위생사                                  ,식품위생학,1
2010,위생사                                  ,실기시험,1
2010,응급구조사1급                           ,1급응급구조사 실기,1
2010,응급구조사1급                           ,기초의학,0
2010,응급구조사1급                           ,응급환자관리,0
2010,응급구조사1급                           ,전문응급처치학총론,0
2010,응급구조사1급                           ,전문응급처치학각론,1
2010,응급구조사1급                           ,응급의료관련법령,0
2010,응급구조사2급                           ,2급응급구조사 실기,1
2010,응급구조사2급                           ,기본응급처치학총론,0
2010,응급구조사2급                           ,기본응급환자관리,0
2010,응급구조사2급                           ,응급의료관련법령,0
2010,응급구조사2급                           ,기본응급처치학각론,1
2010,응급구조사2급                           ,응급의료장비,0
2010,의사                                    ,의학총론1,1
2010,의사                                    ,의학총론2,0
2010,의사                                    ,의학각론2,0
2010,의사                                    ,보건의약관계 법규,0
2010,의사                                    ,의학각론3,1
2010,의사                                    ,의학각론4,1
2010,의사                                    ,의학각론5,1
2010,의사                                    ,의학각론6,1
2010,의사                                    ,의학각론7,1
2010,의사                                    ,의학총론2(R형),0
2010,의사                                    ,의학각론1(R형),0
2010,의지보조기기사                          ,의지보조기기사 주관식 실기,1
2010,의지보조기기사                          ,운동·생체역학,0
2010,의지보조기기사                          ,재활공학·재료학,0
2010,의지보조기기사                          ,보건의료 관계 법규,0
2010,의지보조기기사                          ,보조기학,1
2010,의지보조기기사                          ,해부·생리학,0
2010,의지보조기기사                          ,재활의학,0
2010,의지보조기기사                          ,의지학,1
2010,임상병리사                              ,의료관계법규,1
2010,임상병리사                              ,공중보건학 개론,1
2010,임상병리사                              ,해부생리학 개론,1
2010,임상병리사                              ,임상생리학,1
2010,임상병리사                              ,조직병리학,1
2010,임상병리사                              ,혈액학,1
2010,임상병리사                              ,임상화학,1
2010,임상병리사                              ,임상미생물학,1
2010,작업치료사                              ,의료관계법규,0
2010,작업치료사                              ,공중보건학 개론,0
2010,작업치료사                              ,해부생리학 개요,0
2010,작업치료사                              ,수예 및 공작,0
2010,작업치료사                              ,작업치료 개론,1
2010,작업치료사                              ,일상생활동작,0
2010,작업치료사                              ,작업치료사 실기,1
2010,조산사                                  ,신생아간호학,0
2010,조산사                                  ,모자보건학,0
2010,조산사                                  ,모자보건법,0
2010,치과기공사                              ,치과기공 주관식 실기,1
2010,치과기공사                              ,의료관계법규,1
2010,치과기공사                              ,구강해부학 개론,1
2010,치과기공사                              ,공중구강보건학 개론,1
2010,치과기공사                              ,치과재료학 개론,1
2010,치과기공사                              ,가철성치열교정장치기공학,1
2010,치과기공사                              ,관교의치기공학,1
2010,치과기공사                              ,치과충전기공학,1
2010,치과기공사                              ,총의치기공학,1
2010,치과기공사                              ,국부의치기공학,0
2010,치과위생사                              ,치과위생사 주관식 실기,1
2010,치과위생사                              ,의료관계법규,0
2010,치과위생사                              ,구강생물학 개론,0
2010,치과위생사                              ,치과임상학,0
2010,치과위생사                              ,치과방사선학 개론,0
2010,치과위생사                              ,구강위생학 개론,1
2010,치과의사                                ,구강내과학,1
2010,치과의사                                ,치과보철학,1
2010,치과의사                                ,소아치과학,1
2010,치과의사                                ,치과교정학,1
2010,치과의사                                ,구강병리학,1
2010,치과의사                                ,구강생물학,1
2010,치과의사                                ,구강악안면방사선학,1
2010,치과의사                                ,치주과학,1
2010,치과의사                                ,구강악안면외과학,1
2010,치과의사                                ,치과보존학,1
2010,치과의사                                ,구강보건학,1
2010,치과의사                                ,치과재료학,1
2010,치과의사                                ,보건의약관계 법규,1
2010,한약사                                  ,한약의 생산 및 제조,1
2010,한약사                                  ,한약감정,1
2010,한약사                                  ,한약학의 기초,0
2010,한약사                                  ,한약의 보관 및 유통,0
2010,한의사                                  ,내과학Ⅰ,1
2010,한의사                                  ,내과학Ⅱ,0
2010,한의사                                  ,보건의약관계 법규,0
2010,한의사                                  ,침구학,1
2010,한의사                                  ,외과학,1
2010,한의사                                  ,신경정신과학,1
2010,한의사                                  ,안이비인후과학,1
2010,한의사                                  ,부인과학,1
2010,한의사                                  ,소아과학,1
2010,한의사                                  ,예방의학,1
2010,한의사                                  ,한방생리학,0
2010,한의사                                  ,본초학,0
2011,간호사                                  ,성인간호학,1
2011,간호사                                  ,모성간호학,1
2011,간호사                                  ,아동간호학,1
2011,간호사                                  ,지역사회간호학,1
2011,간호사                                  ,정신간호학,1
2011,간호사                                  ,간호관리학,1
2011,간호사                                  ,기본간호학,1
2011,간호사                                  ,보건의약관계 법규,0
2011,간호조무사                              ,기초간호학 개요,0
2011,간호조무사                              ,기초간호학 개요,0
2011,간호조무사                              ,보건간호학 개요,0
2011,간호조무사                              ,보건간호학 개요,0
2011,간호조무사                              ,공중보건학개론,1
2011,간호조무사                              ,공중보건학개론,1
2011,간호조무사                              ,실기,1
2011,간호조무사                              ,실기,1
2011,물리치료사                              ,의료관계법규,1
2011,물리치료사                              ,공중보건학 개론,1
2011,물리치료사                              ,해부생리학 개론,1
2011,물리치료사                              ,질환별 물리치료학 개요,1
2011,물리치료사                              ,물리치료학 개요,1
2011,물리치료사                              ,운동치료학 개요,1
2011,물리치료사                              ,물리치료사 실기,1
2011,방사선사                                ,의료관계법규,0
2011,방사선사                                ,공중보건학 개론,0
2011,방사선사                                ,해부생리학 개론,0
2011,방사선사                                ,방사선이론,0
2011,방사선사                                ,방사선응용,0
2011,방사선사                                ,영상진단기술학,0
2011,방사선사                                ,방사선치료기술학,0
2011,방사선사                                ,핵의학기술학,0
2011,방사선사                                ,방사선사 실기,1
2011,보건교육사 1급                          ,보건프로그램 개발 및 평가,1
2011,보건교육사 1급                          ,보건교육방법론,1
2011,보건교육사 1급                          ,보건사업관리,1
2011,보건교육사 2급                          ,보건프로그램 개발 및 평가,1
2011,보건교육사 2급                          ,보건교육방법론,1
2011,보건교육사 2급                          ,보건사업관리,1
2011,보건교육사 2급                          ,보건의료법규,1
2011,보건교육사 2급                          ,조사방법론,1
2011,보건교육사 2급                          ,보건의사소통,1
2011,보건교육사 2급                          ,보건학,1
2011,보건교육사 2급                          ,보건교육학,1
2011,보건교육사 3급                          ,보건프로그램 개발 및 평가,1
2011,보건교육사 3급                          ,보건학,1
2011,보건교육사 3급                          ,보건교육학,0
2011,보건교육사 3급                          ,보건의료법규,0
2011,보건의료정보관리사                      ,의료관계법규,0
2011,보건의료정보관리사                      ,공중보건학 개론,0
2011,보건의료정보관리사                      ,의학용어,1
2011,보건의료정보관리사                      ,의무기록관리학,1
2011,보건의료정보관리사                      ,의무기록사 실기,1
2011,안경사                                  ,의료관계법규,0
2011,안경사                                  ,안경학,1
2011,안경사                                  ,안광학,1
2011,안경사                                  ,안과학,1
2011,약사(4년제),정성분석학,1
2011,약사(4년제),정량분석학,1
2011,약사(4년제),약제학,1
2011,약사(4년제),대한약전,1
2011,약사(4년제),약물학,1
2011,약사(4년제),생화학,1
2011,약사(4년제),위생화학,1
2011,약사(4년제),미생물학,0
2011,약사(4년제),약사 및 마약류 관리에 관한 법령,0
2011,약사(4년제),유기약품제조학,0
2011,약사(4년제),무기약품제조학,0
2011,약사(4년제),생약학,1
2011,약사(4년제),정성분석학(R형),1
2011,약사(4년제),정량분석학(R형),1
2011,약사(4년제),약제학(R형),1
2011,약사(4년제),대한약전(R형),1
2011,약사(4년제),약물학(R형),1
2011,약사(4년제),생화학(R형),1
2011,약사(4년제),위생화학(R형),1
2011,약사(4년제),미생물학(R형),1
2011,약사(4년제),유기약품제조학(R형),1
2011,약사(4년제),무기약품제조학(R형),1
2011,약사(4년제),생약학(R형),1
2011,영양사                                  ,영양학,1
2011,영양사                                  ,생화학,0
2011,영양사                                  ,생리학,0
2011,영양사                                  ,식품위생학,0
2011,영양사                                  ,영양교육,0
2011,영양사                                  ,식사요법,0
2011,영양사                                  ,식품위생 관계 법규,0
2011,영양사                                  ,단체급식관리,1
2011,영양사                                  ,식품학 및 조리원리,1
2011,요양보호사                              ,요양보호론,0
2011,요양보호사                              ,요양보호론,0
2011,요양보호사                              ,요양보호론,0
2011,요양보호사                              ,실기시험,0
2011,요양보호사                              ,실기시험,0
2011,요양보호사                              ,실기시험,0
2011,위생사                                  ,위생 관계 법령,0
2011,위생사                                  ,환경위생학,1
2011,위생사                                  ,위생곤충학,0
2011,위생사                                  ,공중보건학,0
2011,위생사                                  ,식품위생학,1
2011,위생사                                  ,실기시험,1
2011,응급구조사1급                           ,1급응급구조사 실기,1
2011,응급구조사1급                           ,기초의학,0
2011,응급구조사1급                           ,응급환자관리,0
2011,응급구조사1급                           ,전문응급처치학총론,0
2011,응급구조사1급                           ,전문응급처치학각론,1
2011,응급구조사1급                           ,응급의료관련법령,0
2011,응급구조사2급                           ,2급응급구조사 실기,1
2011,응급구조사2급                           ,기본응급처치학총론,0
2011,응급구조사2급                           ,기본응급환자관리,0
2011,응급구조사2급                           ,응급의료관련법령,0
2011,응급구조사2급                           ,기본응급처치학각론,1
2011,응급구조사2급                           ,응급의료장비,0
2011,의사                                    ,의학총론1,1
2011,의사                                    ,의학총론2,0
2011,의사                                    ,보건의약관계 법규,0
2011,의사                                    ,의학각론1,1
2011,의사                                    ,의학각론2,1
2011,의사                                    ,의학각론3,1
2011,의사                                    ,의학각론4,0
2011,의사                                    ,의학각론5,1
2011,의사                                    ,의학각론6,1
2011,의사                                    ,의학총론2(R형),0
2011,의사                                    ,의학각론4(R형),0
2011,의지보조기기사                          ,의지보조기기사 주관식 실기,1
2011,의지보조기기사                          ,보건의료 관계 법규,0
2011,의지보조기기사                          ,운동·생체역학,0
2011,의지보조기기사                          ,재활공학·재료학,0
2011,의지보조기기사                          ,보조기학,1
2011,의지보조기기사                          ,해부·생리학,0
2011,의지보조기기사                          ,재활의학,0
2011,의지보조기기사                          ,의지학,1
2011,임상병리사                              ,의료관계법규,0
2011,임상병리사                              ,공중보건학 개론,0
2011,임상병리사                              ,해부생리학 개론,0
2011,임상병리사                              ,임상생리학,0
2011,임상병리사                              ,조직병리학,0
2011,임상병리사                              ,혈액학,0
2011,임상병리사                              ,임상화학,0
2011,임상병리사                              ,임상미생물학,1
2011,작업치료사                              ,의료관계법규,0
2011,작업치료사                              ,공중보건학 개론,0
2011,작업치료사                              ,해부생리학 개요,0
2011,작업치료사                              ,수예 및 공작,0
2011,작업치료사                              ,작업치료 개론,1
2011,작업치료사                              ,일상생활동작,0
2011,작업치료사                              ,작업치료사 실기,1
2011,조산사                                  ,신생아간호학,0
2011,조산사                                  ,모자보건학,0
2011,조산사                                  ,모자보건법,0
2011,치과기공사                              ,치과기공 주관식 실기,1
2011,치과기공사                              ,의료관계법규,1
2011,치과기공사                              ,구강해부학 개론,1
2011,치과기공사                              ,공중구강보건학 개론,1
2011,치과기공사                              ,치과재료학 개론,1
2011,치과기공사                              ,가철성치열교정장치기공학,1
2011,치과기공사                              ,관교의치기공학,1
2011,치과기공사                              ,치과충전기공학,0
2011,치과기공사                              ,총의치기공학,0
2011,치과기공사                              ,국부의치기공학,0
2011,치과위생사                              ,치과위생사 주관식 실기,1
2011,치과위생사                              ,의료관계법규,0
2011,치과위생사                              ,구강생물학 개론,0
2011,치과위생사                              ,치과임상학,0
2011,치과위생사                              ,치과방사선학 개론,0
2011,치과위생사                              ,구강위생학 개론,1
2011,치과의사                                ,구강내과학,1
2011,치과의사                                ,치과보철학,1
2011,치과의사                                ,소아치과학,1
2011,치과의사                                ,치과교정학,1
2011,치과의사                                ,구강병리학,1
2011,치과의사                                ,구강생물학,1
2011,치과의사                                ,구강악안면방사선학,1
2011,치과의사                                ,치주과학,0
2011,치과의사                                ,구강악안면외과학,0
2011,치과의사                                ,치과보존학,0
2011,치과의사                                ,구강보건학,0
2011,치과의사                                ,치과재료학,0
2011,치과의사                                ,보건의약관계 법규,1
2011,한약사                                  ,한약의 생산 및 제조,1
2011,한약사                                  ,한약감정,1
2011,한약사                                  ,한약학의 기초,1
2011,한약사                                  ,한약의 보관 및 유통,1
2011,한의사                                  ,내과학Ⅰ,1
2011,한의사                                  ,내과학Ⅱ,0
2011,한의사                                  ,침구학,1
2011,한의사                                  ,보건의약관계 법규,0
2011,한의사                                  ,외과학,0
2011,한의사                                  ,신경정신과학,0
2011,한의사                                  ,안이비인후과학,0
2011,한의사                                  ,부인과학,0
2011,한의사                                  ,소아과학,0
2011,한의사                                  ,예방의학,0
2011,한의사                                  ,한방생리학,0
2011,한의사                                  ,본초학,0
2012,간호사                                  ,성인간호학,1
2012,간호사                                  ,모성간호학,1
2012,간호사                                  ,아동간호학,1
2012,간호사                                  ,지역사회간호학,1
2012,간호사                                  ,정신간호학,1
2012,간호사                                  ,간호관리학,0
2012,간호사                                  ,기본간호학,0
2012,간호사                                  ,보건의약관계 법규,0
2012,간호조무사                              ,기초간호학 개요,1
2012,간호조무사                              ,기초간호학 개요,1
2012,간호조무사                              ,보건간호학 개요,1
2012,간호조무사                              ,보건간호학 개요,1
2012,간호조무사                              ,공중보건학개론,1
2012,간호조무사                              ,공중보건학개론,1
2012,간호조무사                              ,실기,1
2012,간호조무사                              ,실기,1
2012,물리치료사                              ,의료관계법규,1
2012,물리치료사                              ,공중보건학 개론,1
2012,물리치료사                              ,해부생리학 개론,1
2012,물리치료사                              ,질환별 물리치료학 개요,1
2012,물리치료사                              ,물리치료학 개요,1
2012,물리치료사                              ,운동치료학 개요,1
2012,물리치료사                              ,물리치료사 실기,1
2012,방사선사                                ,의료관계법규,0
2012,방사선사                                ,공중보건학 개론,0
2012,방사선사                                ,해부생리학 개론,0
2012,방사선사                                ,방사선이론,0
2012,방사선사                                ,방사선응용,0
2012,방사선사                                ,영상진단기술학,0
2012,방사선사                                ,방사선치료기술학,0
2012,방사선사                                ,핵의학기술학,0
2012,방사선사                                ,방사선사 실기,1
2012,보건교육사 1급                          ,보건프로그램 개발 및 평가,1
2012,보건교육사 1급                          ,보건프로그램 개발 및 평가,1
2012,보건교육사 1급                          ,보건교육방법론,1
2012,보건교육사 1급                          ,보건교육방법론,1
2012,보건교육사 1급                          ,보건사업관리,1
2012,보건교육사 1급                          ,보건사업관리,1
2012,보건교육사 2급                          ,보건프로그램 개발 및 평가,1
2012,보건교육사 2급                          ,보건프로그램 개발 및 평가,1
2012,보건교육사 2급                          ,보건교육방법론,1
2012,보건교육사 2급                          ,보건교육방법론,1
2012,보건교육사 2급                          ,보건사업관리,1
2012,보건교육사 2급                          ,보건사업관리,1
2012,보건교육사 2급                          ,보건의료법규,1
2012,보건교육사 2급                          ,보건의료법규,1
2012,보건교육사 2급                          ,조사방법론,1
2012,보건교육사 2급                          ,조사방법론,0
2012,보건교육사 2급                          ,보건의사소통,0
2012,보건교육사 2급                          ,보건의사소통,0
2012,보건교육사 2급                          ,보건학,0
2012,보건교육사 2급                          ,보건학,0
2012,보건교육사 2급                          ,보건교육학,0
2012,보건교육사 2급                          ,보건교육학,0
2012,보건교육사 3급                          ,보건프로그램 개발 및 평가,0
2012,보건교육사 3급                          ,보건프로그램 개발 및 평가,1
2012,보건교육사 3급                          ,보건학,1
2012,보건교육사 3급                          ,보건학,1
2012,보건교육사 3급                          ,보건교육학,1
2012,보건교육사 3급                          ,보건교육학,1
2012,보건교육사 3급                          ,보건의료법규,1
2012,보건교육사 3급                          ,보건의료법규,1
2012,보건의료정보관리사                      ,의료관계법규,1
2012,보건의료정보관리사                      ,공중보건학 개론,1
2012,보건의료정보관리사                      ,의학용어,1
2012,보건의료정보관리사                      ,의무기록관리학,1
2012,보건의료정보관리사                      ,의무기록사 실기,1
2012,안경사                                  ,의료관계법규,0
2012,안경사                                  ,안경학,1
2012,안경사                                  ,안광학,1
2012,안경사                                  ,안과학,0
2012,약사(4년제),정성분석학,0
2012,약사(4년제),정량분석학,0
2012,약사(4년제),약제학,0
2012,약사(4년제),대한약전,0
2012,약사(4년제),약물학,0
2012,약사(4년제),생화학,0
2012,약사(4년제),위생화학,1
2012,약사(4년제),미생물학,1
2012,약사(4년제),약사 및 마약류 관리에 관한 법령,1
2012,약사(4년제),유기약품제조학,1
2012,약사(4년제),무기약품제조학,1
2012,약사(4년제),생약학,1
2012,약사(4년제),정성분석학(R형),1
2012,약사(4년제),정량분석학(R형),1
2012,약사(4년제),약제학(R형),1
2012,약사(4년제),대한약전(R형),1
2012,약사(4년제),약물학(R형),1
2012,약사(4년제),생화학(R형),1
2012,약사(4년제),위생화학(R형),1
2012,약사(4년제),미생물학(R형),1
2012,약사(4년제),유기약품제조학(R형),1
2012,약사(4년제),무기약품제조학(R형),1
2012,약사(4년제),생약학(R형),1
2012,영양사                                  ,영양학,1
2012,영양사                                  ,생화학,0
2012,영양사                                  ,생리학,0
2012,영양사                                  ,식품위생학,0
2012,영양사                                  ,영양교육,0
2012,영양사                                  ,식사요법,0
2012,영양사                                  ,식품위생 관계 법규,0
2012,영양사                                  ,단체급식관리,1
2012,영양사                                  ,식품학 및 조리원리,1
2012,요양보호사                              ,요양보호론,0
2012,요양보호사                              ,요양보호론,0
2012,요양보호사                              ,요양보호론,0
2012,요양보호사                              ,실기시험,0
2012,요양보호사                              ,실기시험,0
2012,요양보호사                              ,실기시험,0
2012,위생사                                  ,위생 관계 법령,0
2012,위생사                                  ,환경위생학,1
2012,위생사                                  ,위생곤충학,0
2012,위생사                                  ,공중보건학,0
2012,위생사                                  ,식품위생학,1
2012,위생사                                  ,실기시험,1
2012,응급구조사1급                           ,1급응급구조사 실기,1
2012,응급구조사1급                           ,기초의학,0
2012,응급구조사1급                           ,응급환자관리,0
2012,응급구조사1급                           ,전문응급처치학총론,0
2012,응급구조사1급                           ,전문응급처치학각론,1
2012,응급구조사1급                           ,응급의료관련법령,0
2012,응급구조사2급                           ,2급응급구조사 실기,1
2012,응급구조사2급                           ,기본응급처치학총론,0
2012,응급구조사2급                           ,기본응급환자관리,0
2012,응급구조사2급                           ,응급의료관련법령,0
2012,응급구조사2급                           ,기본응급처치학각론,1
2012,응급구조사2급                           ,응급의료장비,0
2012,의사                                    ,의학총론1,1
2012,의사                                    ,의학총론2,0
2012,의사                                    ,보건의약관계 법규,0
2012,의사                                    ,의학각론1,1
2012,의사                                    ,의학각론2,1
2012,의사                                    ,의학각론3,1
2012,의사                                    ,의학각론4,0
2012,의사                                    ,의학각론5,1
2012,의사                                    ,의학총론2(R형),0
2012,의사                                    ,의학각론4(R형),0
2012,의지보조기기사                          ,의지보조기기사 주관식 실기,1
2012,의지보조기기사                          ,보건의료 관계 법규,1
2012,의지보조기기사                          ,운동·생체역학,1
2012,의지보조기기사                          ,재활공학·재료학,1
2012,의지보조기기사                          ,보조기학,1
2012,의지보조기기사                          ,해부·생리학,1
2012,의지보조기기사                          ,재활의학,1
2012,의지보조기기사                          ,의지학,1
2012,임상병리사                              ,의료관계법규,1
2012,임상병리사                              ,공중보건학 개론,1
2012,임상병리사                              ,해부생리학 개론,1
2012,임상병리사                              ,임상생리학,1
2012,임상병리사                              ,조직병리학,0
2012,임상병리사                              ,혈액학,0
2012,임상병리사                              ,임상화학,0
2012,임상병리사                              ,임상미생물학,1
2012,작업치료사                              ,의료관계법규,1
2012,작업치료사                              ,공중보건학 개론,1
2012,작업치료사                              ,해부생리학 개요,1
2012,작업치료사                              ,수예 및 공작,0
2012,작업치료사                              ,작업치료 개론,1
2012,작업치료사                              ,일상생활동작,0
2012,작업치료사                              ,작업치료사 실기,1
2012,조산사                                  ,신생아간호학,0
2012,조산사                                  ,모자보건학,0
2012,조산사                                  ,모자보건법,0
2012,치과기공사                              ,치과기공 주관식 실기,1
2012,치과기공사                              ,의료관계법규,1
2012,치과기공사                              ,구강해부학 개론,1
2012,치과기공사                              ,공중구강보건학 개론,1
2012,치과기공사                              ,치과재료학 개론,1
2012,치과기공사                              ,가철성치열교정장치기공학,1
2012,치과기공사                              ,관교의치기공학,1
2012,치과기공사                              ,치과충전기공학,1
2012,치과기공사                              ,총의치기공학,1
2012,치과기공사                              ,국부의치기공학,1
2012,치과위생사                              ,치과위생사 주관식 실기,1
2012,치과위생사                              ,의료관계법규,0
2012,치과위생사                              ,구강생물학 개론,0
2012,치과위생사                              ,치과임상학,0
2012,치과위생사                              ,치과방사선학 개론,0
2012,치과위생사                              ,구강위생학 개론,1
2012,치과의사                                ,구강내과학,0
2012,치과의사                                ,치과보철학,0
2012,치과의사                                ,소아치과학,0
2012,치과의사                                ,치과교정학,0
2012,치과의사                                ,구강병리학,0
2012,치과의사                                ,구강생물학,0
2012,치과의사                                ,구강악안면방사선학,0
2012,치과의사                                ,치주과학,0
2012,치과의사                                ,구강악안면외과학,0
2012,치과의사                                ,치과보존학,0
2012,치과의사                                ,구강보건학,0
2012,치과의사                                ,치과재료학,0
2012,치과의사                                ,보건의약관계 법규,0
2012,한약사                                  ,한약의 생산 및 제조,0
2012,한약사                                  ,한약감정,0
2012,한약사                                  ,한약학의 기초,0
2012,한약사                                  ,한약의 보관 및 유통,0
2012,한의사                                  ,내과학Ⅰ,1
2012,한의사                                  ,내과학Ⅱ,0
2012,한의사                                  ,침구학,1
2012,한의사                                  ,보건의약관계 법규,1
2012,한의사                                  ,외과학,1
2012,한의사                                  ,신경정신과학,1
2012,한의사                                  ,안이비인후과학,1
2012,한의사                                  ,부인과학,1
2012,한의사                                  ,소아과학,1
2012,한의사                                  ,예방의학,1
2012,한의사                                  ,한방생리학,1
2012,한의사                                  ,본초학,1
2013,2급언어재활사                           ,신경언어장애,1
2013,2급언어재활사                           ,유창성장애,1
2013,2급언어재활사                           ,음성장애,1
2013,2급언어재활사                           ,언어발달장애,1
2013,2급언어재활사                           ,조음음운장애,0
2013,간호사                                  ,성인간호학,1
2013,간호사                                  ,모성간호학,1
2013,간호사                                  ,아동간호학,1
2013,간호사                                  ,지역사회간호학,1
2013,간호사                                  ,정신간호학,1
2013,간호사                                  ,간호관리학,1
2013,간호사                                  ,기본간호학,1
2013,간호사                                  ,보건의약관계 법규,1
2013,간호조무사                              ,기초간호학 개요,1
2013,간호조무사                              ,기초간호학 개요,1
2013,간호조무사                              ,보건간호학 개요,1
2013,간호조무사                              ,보건간호학 개요,1
2013,간호조무사                              ,공중보건학개론,1
2013,간호조무사                              ,공중보건학개론,1
2013,간호조무사                              ,실기,1
2013,간호조무사                              ,실기,1
2013,물리치료사                              ,의료관계법규,1
2013,물리치료사                              ,공중보건학 개론,1
2013,물리치료사                              ,해부생리학 개론,0
2013,물리치료사                              ,질환별 물리치료학 개요,0
2013,물리치료사                              ,물리치료학 개요,1
2013,물리치료사                              ,운동치료학 개요,1
2013,물리치료사                              ,물리치료사 실기,0
2013,방사선사                                ,의료관계법규,0
2013,방사선사                                ,공중보건학 개론,1
2013,방사선사                                ,해부생리학 개론,1
2013,방사선사                                ,방사선이론,1
2013,방사선사                                ,방사선응용,1
2013,방사선사                                ,영상진단기술학,1
2013,방사선사                                ,방사선치료기술학,1
2013,방사선사                                ,핵의학기술학,1
2013,방사선사                                ,방사선사 실기,1
2013,보건교육사 1급                          ,보건프로그램 개발 및 평가,1
2013,보건교육사 1급                          ,보건교육방법론,1
2013,보건교육사 1급                          ,보건사업관리,1
2013,보건교육사 2급                          ,보건프로그램 개발 및 평가,1
2013,보건교육사 2급                          ,보건교육방법론,1
2013,보건교육사 2급                          ,보건사업관리,1
2013,보건교육사 2급                          ,보건의료법규,0
2013,보건교육사 2급                          ,조사방법론,0
2013,보건교육사 2급                          ,보건의사소통,0
2013,보건교육사 2급                          ,보건학,1
2013,보건교육사 2급                          ,보건교육학,1
2013,보건교육사 3급                          ,보건프로그램 개발 및 평가,1
2013,보건교육사 3급                          ,보건학,1
2013,보건교육사 3급                          ,보건교육학,1
2013,보건교육사 3급                          ,보건의료법규,1
2013,보건의료정보관리사                      ,의료관계법규,1
2013,보건의료정보관리사                      ,공중보건학 개론,1
2013,보건의료정보관리사                      ,의학용어,1
2013,보건의료정보관리사                      ,의무기록관리학,1
2013,보건의료정보관리사                      ,의무기록사 실기,1
2013,안경사                                  ,의료관계법규,1
2013,안경사                                  ,안경학,1
2013,안경사                                  ,안과학,0
2013,안경사                                  ,안광학,1
2013,안경사                                  ,안경사 실기,1
2013,약사(4년제),약물학,0
2013,약사(4년제),생화학,0
2013,약사(4년제),위생화학,0
2013,약사(4년제),미생물학,0
2013,약사(4년제),약사 및 마약류 관리에 관한 법령,0
2013,약사(4년제),정성분석학,0
2013,약사(4년제),정량분석학,0
2013,약사(4년제),약제학,0
2013,약사(4년제),대한민국약전,0
2013,약사(4년제),유기약품제조학,0
2013,약사(4년제),무기약품제조학,0
2013,약사(4년제),생약학,0
2013,약사(4년제),약물학(R형),1
2013,약사(4년제),생화학(R형),1
2013,약사(4년제),위생화학(R형),1
2013,약사(4년제),미생물학(R형),1
2013,약사(4년제),정성분석학(R형),1
2013,약사(4년제),정량분석학(R형),1
2013,약사(4년제),약제학(R형),1
2013,약사(4년제),대한민국약전(R형),1
2013,약사(4년제),유기약품제조학(R형),1
2013,약사(4년제),무기약품제조학(R형),1
2013,약사(4년제),생약학(R형),1
2013,영양사                                  ,영양학,1
2013,영양사                                  ,생화학,1
2013,영양사                                  ,생리학,1
2013,영양사                                  ,식품위생학,1
2013,영양사                                  ,영양교육,1
2013,영양사                                  ,식사요법,0
2013,영양사                                  ,식품위생 관계 법규,0
2013,영양사                                  ,단체급식관리,1
2013,영양사                                  ,식품학 및 조리원리,1
2013,요양보호사                              ,요양보호론,0
2013,요양보호사                              ,요양보호론,0
2013,요양보호사                              ,요양보호론,0
2013,요양보호사                              ,실기시험,0
2013,요양보호사                              ,실기시험,0
2013,요양보호사                              ,실기시험,0
2013,위생사                                  ,위생 관계 법령,0
2013,위생사                                  ,환경위생학,1
2013,위생사                                  ,위생곤충학,0
2013,위생사                                  ,공중보건학,0
2013,위생사                                  ,식품위생학,1
2013,위생사                                  ,실기시험,1
2013,응급구조사1급                           ,1급응급구조사 실기,1
2013,응급구조사1급                           ,기초의학,0
2013,응급구조사1급                           ,응급환자관리,0
2013,응급구조사1급                           ,전문응급처치학총론,0
2013,응급구조사1급                           ,전문응급처치학각론,1
2013,응급구조사1급                           ,응급의료관련법령,0
2013,응급구조사2급                           ,2급응급구조사 실기,1
2013,응급구조사2급                           ,기본응급처치학총론,0
2013,응급구조사2급                           ,기본응급환자관리,0
2013,응급구조사2급                           ,응급의료관련법령,0
2013,응급구조사2급                           ,기본응급처치학각론,1
2013,응급구조사2급                           ,응급의료장비,0
2013,의사                                    ,의학총론1,1
2013,의사                                    ,의학총론2(R형),0
2013,의사                                    ,의학각론1(R형),0
2013,의사                                    ,의학각론2,1
2013,의사                                    ,보건의약관계 법규,0
2013,의사                                    ,의학각론3,1
2013,의사                                    ,의학각론4,1
2013,의사                                    ,의학각론5,1
2013,의지보조기기사                          ,의지보조기기사 주관식 실기,1
2013,의지보조기기사                          ,의지보조기기사 주관식 실기,1
2013,의지보조기기사                          ,보건의료 관계 법규,0
2013,의지보조기기사                          ,보건의료 관계 법규,0
2013,의지보조기기사                          ,운동·생체역학,0
2013,의지보조기기사                          ,운동·생체역학,0
2013,의지보조기기사                          ,재활공학·재료학,0
2013,의지보조기기사                          ,재활공학·재료학,0
2013,의지보조기기사                          ,보조기학,1
2013,의지보조기기사                          ,보조기학,1
2013,의지보조기기사                          ,해부·생리학,1
2013,의지보조기기사                          ,해부·생리학,1
2013,의지보조기기사                          ,재활의학,1
2013,의지보조기기사                          ,재활의학,0
2013,의지보조기기사                          ,의지학,1
2013,의지보조기기사                          ,의지학,1
2013,임상병리사                              ,의료관계법규,0
2013,임상병리사                              ,공중보건학 개론,0
2013,임상병리사                              ,해부생리학 개론,0
2013,임상병리사                              ,임상생리학,0
2013,임상병리사                              ,조직병리학,0
2013,임상병리사                              ,혈액학,0
2013,임상병리사                              ,임상화학,1
2013,임상병리사                              ,임상미생물학,1
2013,임상병리사                              ,임상병리사 실기,1
2013,작업치료사                              ,의료관계법규,1
2013,작업치료사                              ,공중보건학 개론,1
2013,작업치료사                              ,해부생리학 개요,1
2013,작업치료사                              ,수예 및 공작,1
2013,작업치료사                              ,작업치료 개론,1
2013,작업치료사                              ,일상생활동작,1
2013,작업치료사                              ,작업치료사 실기,1
2013,조산사                                  ,신생아간호학,1
2013,조산사                                  ,모자보건학,1
2013,조산사                                  ,모자보건법,1
2013,치과기공사                              ,의료관계법규,1
2013,치과기공사                              ,구강해부학 개론,1
2013,치과기공사                              ,공중구강보건학 개론,1
2013,치과기공사                              ,치과재료학 개론,1
2013,치과기공사                              ,가철성치열교정장치기공학,1
2013,치과기공사                              ,관교의치기공학,1
2013,치과기공사                              ,치과충전기공학,1
2013,치과기공사                              ,총의치기공학,1
2013,치과기공사                              ,국부의치기공학,1
2013,치과기공사                              ,치과기공 주관식 실기,1
2013,치과위생사                              ,치과위생사 주관식 실기,1
2013,치과위생사                              ,의료관계법규,1
2013,치과위생사                              ,구강생물학 개론,1
2013,치과위생사                              ,치과임상학,0
2013,치과위생사                              ,치과방사선학 개론,0
2013,치과위생사                              ,구강위생학 개론,1
2013,치과의사                                ,구강내과학,0
2013,치과의사                                ,치과보철학,0
2013,치과의사                                ,소아치과학,1
2013,치과의사                                ,치과교정학,1
2013,치과의사                                ,구강병리학,1
2013,치과의사                                ,구강생물학,1
2013,치과의사                                ,구강악안면방사선학,1
2013,치과의사                                ,치주과학,1
2013,치과의사                                ,구강악안면외과학,1
2013,치과의사                                ,치과보존학,1
2013,치과의사                                ,구강보건학,1
2013,치과의사                                ,치과재료학,0
2013,치과의사                                ,보건의약관계 법규,0
2013,한약사                                  ,한약의 생산 및 제조,0
2013,한약사                                  ,한약감정,0
2013,한약사                                  ,한약학의 기초,0
2013,한약사                                  ,한약의 보관 및 유통,0
2013,한의사                                  ,내과학Ⅰ,1
2013,한의사                                  ,내과학Ⅱ,0
2013,한의사                                  ,침구학,1
2013,한의사                                  ,보건의약관계 법규,1
2013,한의사                                  ,외과학,1
2013,한의사                                  ,신경정신과학,1
2013,한의사                                  ,안이비인후과학,1
2013,한의사                                  ,부인과학,1
2013,한의사                                  ,소아과학,1
2013,한의사                                  ,예방의학,1
2013,한의사                                  ,한방생리학,1
2013,한의사                                  ,본초학,1
2014,1급언어재활사 특례시험                  ,신경언어장애,1
2014,1급언어재활사 특례시험                  ,언어발달장애,1
2014,1급언어재활사 특례시험                  ,유창성장애,1
2014,1급언어재활사 특례시험                  ,음성장애,1
2014,1급언어재활사 특례시험                  ,조음음운장애,1
2014,2급언어재활사                           ,신경언어장애,1
2014,2급언어재활사                           ,신경언어장애,1
2014,2급언어재활사                           ,유창성장애,1
2014,2급언어재활사                           ,유창성장애,0
2014,2급언어재활사                           ,음성장애,0
2014,2급언어재활사                           ,음성장애,0
2014,2급언어재활사                           ,언어발달장애,1
2014,2급언어재활사                           ,언어발달장애,1
2014,2급언어재활사                           ,조음음운장애,1
2014,2급언어재활사                           ,조음음운장애,1
2014,2급언어재활사 특례시험                  ,신경언어장애,1
2014,2급언어재활사 특례시험                  ,유창성장애,1
2014,2급언어재활사 특례시험                  ,음성장애,1
2014,2급언어재활사 특례시험                  ,언어발달장애,0
2014,2급언어재활사 특례시험                  ,조음음운장애,0
2014,간호사                                  ,성인간호학,1
2014,간호사                                  ,모성간호학,0
2014,간호사                                  ,아동간호학,0
2014,간호사                                  ,지역사회간호학,0
2014,간호사                                  ,정신간호학,0
2014,간호사                                  ,간호관리학,0
2014,간호사                                  ,기본간호학,1
2014,간호사                                  ,보건의약관계 법규,1
2014,간호조무사                              ,기초간호학 개요,1
2014,간호조무사                              ,기초간호학 개요,1
2014,간호조무사                              ,보건간호학 개요,1
2014,간호조무사                              ,보건간호학 개요,1
2014,간호조무사                              ,공중보건학개론,1
2014,간호조무사                              ,공중보건학개론,1
2014,간호조무사                              ,실기,1
2014,간호조무사                              ,실기,1
2014,물리치료사                              ,물리치료 기초,1
2014,물리치료사                              ,물리치료 진단평가,1
2014,물리치료사                              ,물리치료 중재,1
2014,물리치료사                              ,의료관계법규,1
2014,물리치료사                              ,물리치료사 실기,1
2014,방사선사                                ,방사선이론,1
2014,방사선사                                ,의료관계법규,1
2014,방사선사                                ,방사선응용,1
2014,방사선사                                ,방사선사 실기,1
2014,보건교육사 1급                          ,보건프로그램 개발 및 평가,1
2014,보건교육사 1급                          ,보건교육방법론,1
2014,보건교육사 1급                          ,보건사업관리,1
2014,보건교육사 2급                          ,보건프로그램 개발 및 평가,1
2014,보건교육사 2급                          ,보건교육방법론,1
2014,보건교육사 2급                          ,보건사업관리,1
2014,보건교육사 2급                          ,보건의료법규,1
2014,보건교육사 2급                          ,조사방법론,1
2014,보건교육사 2급                          ,보건의사소통,1
2014,보건교육사 2급                          ,보건학,1
2014,보건교육사 2급                          ,보건교육학,1
2014,보건교육사 3급                          ,보건프로그램 개발 및 평가,1
2014,보건교육사 3급                          ,보건학,1
2014,보건교육사 3급                          ,보건교육학,1
2014,보건교육사 3급                          ,보건의료법규,0
2014,보건의료정보관리사                      ,의무기록정보학I,1
2014,보건의료정보관리사                      ,의무기록정보학II,1
2014,보건의료정보관리사                      ,의료관계법규,0
2014,보건의료정보관리사                      ,의무기록사 실기,0
2014,안경사                                  ,시광학이론,1
2014,안경사                                  ,의료관계법규,0
2014,안경사                                  ,시광학응용,1
2014,안경사                                  ,안경사 실기,1
2014,약사(4년제),약물학,0
2014,약사(4년제),생화학,1
2014,약사(4년제),위생화학,1
2014,약사(4년제),미생물학,1
2014,약사(4년제),약사 및 마약류 관리에 관한 법령,1
2014,약사(4년제),정성분석학,1
2014,약사(4년제),정량분석학,1
2014,약사(4년제),약제학,1
2014,약사(4년제),대한민국약전,1
2014,약사(4년제),유기약품제조학,1
2014,약사(4년제),무기약품제조학,0
2014,약사(4년제),생약학,0
2014,약사(4년제),약물학(R형),1
2014,약사(4년제),생화학(R형),1
2014,약사(4년제),위생화학(R형),1
2014,약사(4년제),미생물학(R형),1
2014,약사(4년제),정성분석학(R형),1
2014,약사(4년제),정량분석학(R형),1
2014,약사(4년제),약제학(R형),1
2014,약사(4년제),대한민국약전(R형),1
2014,약사(4년제),유기약품제조학(R형),1
2014,약사(4년제),무기약품제조학(R형),1
2014,약사(4년제),생약학(R형),0
2014,영양사                                  ,영양학,1
2014,영양사                                  ,생화학,0
2014,영양사                                  ,생리학,0
2014,영양사                                  ,식품위생학,0
2014,영양사                                  ,영양교육,0
2014,영양사                                  ,식사요법,0
2014,영양사                                  ,식품위생 관계 법규,0
2014,영양사                                  ,단체급식관리,1
2014,영양사                                  ,식품학 및 조리원리,1
2014,요양보호사                              ,요양보호론,1
2014,요양보호사                              ,요양보호론,1
2014,요양보호사                              ,요양보호론,1
2014,요양보호사                              ,실기시험,1
2014,요양보호사                              ,실기시험,1
2014,요양보호사                              ,실기시험,0
2014,위생사                                  ,위생 관계 법령,0
2014,위생사                                  ,환경위생학,1
2014,위생사                                  ,위생곤충학,0
2014,위생사                                  ,공중보건학,0
2014,위생사                                  ,식품위생학,1
2014,위생사                                  ,실기시험,1
2014,응급구조사1급                           ,1급응급구조사 실기,1
2014,응급구조사1급                           ,기초의학,0
2014,응급구조사1급                           ,응급환자관리,0
2014,응급구조사1급                           ,전문응급처치학총론,0
2014,응급구조사1급                           ,전문응급처치학각론,1
2014,응급구조사1급                           ,응급의료관련법령,0
2014,응급구조사2급                           ,2급응급구조사 실기,1
2014,응급구조사2급                           ,기본응급처치학총론,0
2014,응급구조사2급                           ,기본응급환자관리,0
2014,응급구조사2급                           ,응급의료관련법령,0
2014,응급구조사2급                           ,기본응급처치학각론,1
2014,응급구조사2급                           ,응급의료장비,0
2014,의사                                    ,의학총론1,1
2014,의사                                    ,의학총론2(R형),1
2014,의사                                    ,의학각론1(R형),1
2014,의사                                    ,보건의약관계 법규,1
2014,의사                                    ,의학각론2,1
2014,의사                                    ,의학각론3,1
2014,의사                                    ,의학각론4,1
2014,의사                                    ,의학각론5,1
2014,의지보조기기사                          ,의지보조기기사 주관식 실기,1
2014,의지보조기기사                          ,보건의료 관계 법규,0
2014,의지보조기기사                          ,운동·생체역학,0
2014,의지보조기기사                          ,재활공학·재료학,0
2014,의지보조기기사                          ,보조기학,1
2014,의지보조기기사                          ,해부·생리학,0
2014,의지보조기기사                          ,재활의학,0
2014,의지보조기기사                          ,의지학,1
2014,임상병리사                              ,의료관계법규,0
2014,임상병리사                              ,임상검사이론I,1
2014,임상병리사                              ,임상병리사 실기,1
2014,작업치료사                              ,작업치료학 기초,1
2014,작업치료사                              ,의료관계법규,0
2014,작업치료사                              ,작업치료학,1
2014,작업치료사                              ,작업치료사 실기,1
2014,조산사                                  ,신생아간호학,1
2014,조산사                                  ,모자보건학,1
2014,조산사                                  ,모자보건법,1
2014,치과기공사                              ,치과기공학 기초,1
2014,치과기공사                              ,의료관계법규,1
2014,치과기공사                              ,치과기공 주관식 실기,1
2014,치과위생사                              ,의료관계법규,1
2014,치과위생사                              ,치위생학Ⅰ,1
2014,치과위생사                              ,치위생학Ⅱ,1
2014,치과위생사                              ,치과위생사 주관식 실기,1
2014,치과의사                                ,구강내과학,0
2014,치과의사                                ,치과보철학,0
2014,치과의사                                ,소아치과학,0
2014,치과의사                                ,치과교정학,0
2014,치과의사                                ,구강병리학,0
2014,치과의사                                ,구강생물학,0
2014,치과의사                                ,구강악안면방사선학,1
2014,치과의사                                ,치주과학,1
2014,치과의사                                ,구강악안면외과학,1
2014,치과의사                                ,치과보존학,1
2014,치과의사                                ,구강보건학,1
2014,치과의사                                ,치과재료학,1
2014,치과의사                                ,보건의약관계 법규,1
2014,한약사                                  ,한약의 생산 및 제조,1
2014,한약사                                  ,한약감정,0
2014,한약사                                  ,한약학의 기초,0
2014,한약사                                  ,한약의 보관 및 유통,0
2014,한의사                                  ,내과학Ⅰ,1
2014,한의사                                  ,내과학Ⅱ,0
2014,한의사                                  ,침구학,1
2014,한의사                                  ,보건의약관계 법규,0
2014,한의사                                  ,외과학,0
2014,한의사                                  ,신경정신과학,0
2014,한의사                                  ,안이비인후과학,0
2014,한의사                                  ,부인과학,0
2014,한의사                                  ,소아과학,0
2014,한의사                                  ,예방의학,0
2014,한의사                                  ,한방생리학,0
2014,한의사                                  ,본초학,0
2015,1급언어재활사                           ,신경언어장애,1
2015,1급언어재활사                           ,언어발달장애,1
2015,1급언어재활사                           ,유창성장애,1
2015,1급언어재활사                           ,음성장애,1
2015,1급언어재활사                           ,조음음운장애,1
2015,1급언어재활사                           ,언어재활현장실무,1
2015,1급언어재활사 특례시험                  ,신경언어장애,1
2015,1급언어재활사 특례시험                  ,언어발달장애,1
2015,1급언어재활사 특례시험                  ,유창성장애,1
2015,1급언어재활사 특례시험                  ,음성장애,1
2015,1급언어재활사 특례시험                  ,조음음운장애,1
2015,2급언어재활사                           ,신경언어장애,1
2015,2급언어재활사                           ,유창성장애,1
2015,2급언어재활사                           ,음성장애,1
2015,2급언어재활사                           ,언어발달장애,0
2015,2급언어재활사                           ,조음음운장애,0
2015,2급언어재활사 특례시험                  ,신경언어장애,0
2015,2급언어재활사 특례시험                  ,유창성장애,0
2015,2급언어재활사 특례시험                  ,음성장애,0
2015,2급언어재활사 특례시험                  ,언어발달장애,0
2015,2급언어재활사 특례시험                  ,조음음운장애,0
2015,간호사                                  ,성인간호학,1
2015,간호사                                  ,모성간호학,1
2015,간호사                                  ,아동간호학,1
2015,간호사                                  ,지역사회간호학,1
2015,간호사                                  ,정신간호학,1
2015,간호사                                  ,간호관리학,1
2015,간호사                                  ,기본간호학,1
2015,간호사                                  ,보건의약관계 법규,1
2015,간호조무사                              ,기초간호학 개요,1
2015,간호조무사                              ,기초간호학 개요,1
2015,간호조무사                              ,보건간호학 개요,1
2015,간호조무사                              ,보건간호학 개요,1
2015,간호조무사                              ,공중보건학개론,0
2015,간호조무사                              ,공중보건학개론,0
2015,간호조무사                              ,실기,0
2015,간호조무사                              ,실기,0
2015,물리치료사                              ,물리치료 기초,1
2015,물리치료사                              ,물리치료 진단평가,1
2015,물리치료사                              ,물리치료 중재,1
2015,물리치료사                              ,의료관계법규,0
2015,물리치료사                              ,실기시험,1
2015,방사선사                                ,방사선이론,1
2015,방사선사                                ,의료관계법규,0
2015,방사선사                                ,방사선응용,1
2015,방사선사                                ,실기시험,1
2015,보건교육사 1급                          ,보건프로그램 개발 및 평가,1
2015,보건교육사 1급                          ,보건교육방법론,1
2015,보건교육사 1급                          ,보건사업관리,1
2015,보건교육사 2급                          ,보건프로그램 개발 및 평가,1
2015,보건교육사 2급                          ,보건교육방법론,1
2015,보건교육사 2급                          ,보건사업관리,1
2015,보건교육사 2급                          ,보건의료법규,1
2015,보건교육사 2급                          ,조사방법론,1
2015,보건교육사 2급                          ,보건의사소통,1
2015,보건교육사 2급                          ,보건학,1
2015,보건교육사 2급                          ,보건교육학,1
2015,보건교육사 3급                          ,보건프로그램 개발 및 평가,0
2015,보건교육사 3급                          ,보건학,0
2015,보건교육사 3급                          ,보건교육학,0
2015,보건교육사 3급                          ,보건의료법규,0
2015,보건의료정보관리사                      ,의무기록정보학I,1
2015,보건의료정보관리사                      ,의무기록정보학II,1
2015,보건의료정보관리사                      ,의료관계법규,0
2015,보건의료정보관리사                      ,실기시험,0
2015,안경사                                  ,시광학이론,1
2015,안경사                                  ,의료관계법규,0
2015,안경사                                  ,시광학응용,1
2015,안경사                                  ,실기시험,1
2015,약사(6년제),생명약학,1
2015,약사(6년제),산업약학,1
2015,약사(6년제),임상·실무약학1,1
2015,약사(6년제),임상·실무약학2,1
2015,약사(6년제),보건·의약 관계 법규,0
2015,약사(4년제),약물학,0
2015,약사(4년제),생화학,1
2015,약사(4년제),위생화학,1
2015,약사(4년제),미생물학,1
2015,약사(4년제),약사 및 마약류 관리에 관한 법령,1
2015,약사(4년제),정성분석학,1
2015,약사(4년제),정량분석학,1
2015,약사(4년제),약제학,1
2015,약사(4년제),대한민국약전,1
2015,약사(4년제),유기약품제조학,0
2015,약사(4년제),무기약품제조학,0
2015,약사(4년제),생약학,0
2015,약사(4년제),약물학(R형),0
2015,약사(4년제),생화학(R형),1
2015,약사(4년제),위생화학(R형),1
2015,약사(4년제),미생물학(R형),1
2015,약사(4년제),정성분석학(R형),1
2015,약사(4년제),정량분석학(R형),1
2015,약사(4년제),약제학(R형),1
2015,약사(4년제),대한민국약전(R형),1
2015,약사(4년제),유기약품제조학(R형),1
2015,약사(4년제),무기약품제조학(R형),0
2015,약사(4년제),생약학(R형),0
2015,영양사                                  ,영양학,1
2015,영양사                                  ,생화학,0
2015,영양사                                  ,생리학,0
2015,영양사                                  ,식품위생학,0
2015,영양사                                  ,영양교육,0
2015,영양사                                  ,식사요법,0
2015,영양사                                  ,식품위생 관계 법규,0
2015,영양사                                  ,단체급식관리,1
2015,영양사                                  ,식품학 및 조리원리,1
2015,요양보호사                              ,요양보호론,0
2015,요양보호사                              ,요양보호론,0
2015,요양보호사                              ,요양보호론,0
2015,요양보호사                              ,실기시험,0
2015,요양보호사                              ,실기시험,0
2015,요양보호사                              ,실기시험,0
2015,위생사                                  ,위생 관계 법령,0
2015,위생사                                  ,환경위생학,1
2015,위생사                                  ,위생곤충학,0
2015,위생사                                  ,공중보건학,0
2015,위생사                                  ,식품위생학,1
2015,위생사                                  ,실기시험,1
2015,응급구조사1급                           ,실기시험,1
2015,응급구조사1급                           ,기초의학,0
2015,응급구조사1급                           ,응급환자관리,0
2015,응급구조사1급                           ,전문응급처치학총론,0
2015,응급구조사1급                           ,전문응급처치학각론,1
2015,응급구조사1급                           ,응급의료관련법령,0
2015,응급구조사2급                           ,실기시험,1
2015,응급구조사2급                           ,기본응급처치학총론,0
2015,응급구조사2급                           ,기본응급환자관리,0
2015,응급구조사2급                           ,응급의료관련법령,0
2015,응급구조사2급                           ,기본응급처치학각론,1
2015,응급구조사2급                           ,응급의료장비,0
2015,의사                                    ,의학총론1,1
2015,의사                                    ,의학총론2(R형),0
2015,의사                                    ,의학각론1(R형),1
2015,의사                                    ,보건의약관계 법규,1
2015,의사                                    ,의학각론2,1
2015,의사                                    ,의학각론3,1
2015,의사                                    ,의학각론4,1
2015,의사                                    ,의학각론5,1
2015,의지보조기기사                          ,실기시험,1
2015,의지보조기기사                          ,보건의료 관계 법규,0
2015,의지보조기기사                          ,운동·생체역학,0
2015,의지보조기기사                          ,재활공학·재료학,0
2015,의지보조기기사                          ,보조기학,1
2015,의지보조기기사                          ,해부·생리학,0
2015,의지보조기기사                          ,재활의학,0
2015,의지보조기기사                          ,의지학,1
2015,임상병리사                              ,의료관계법규,0
2015,임상병리사                              ,임상검사이론I,1
2015,임상병리사                              ,실기시험,1
2015,작업치료사                              ,작업치료학 기초,1
2015,작업치료사                              ,의료관계법규,0
2015,작업치료사                              ,작업치료학,1
2015,작업치료사                              ,실기시험,1
2015,조산사                                  ,신생아간호학,0
2015,조산사                                  ,모자보건학,0
2015,조산사                                  ,모자보건법,0
2015,치과기공사                              ,치과기공학 기초,1
2015,치과기공사                              ,의료관계법규,0
2015,치과기공사                              ,실기시험,1
2015,치과위생사                              ,실기시험,1
2015,치과위생사                              ,의료관계법규,0
2015,치과위생사                              ,치위생학Ⅰ,1
2015,치과위생사                              ,치위생학Ⅱ,1
2015,치과의사                                ,구강내과학,0
2015,치과의사                                ,치과보철학,1
2015,치과의사                                ,소아치과학,1
2015,치과의사                                ,치과교정학,1
2015,치과의사                                ,구강병리학,1
2015,치과의사                                ,구강생물학,0
2015,치과의사                                ,구강악안면방사선학,0
2015,치과의사                                ,치주과학,1
2015,치과의사                                ,구강악안면외과학,1
2015,치과의사                                ,치과보존학,1
2015,치과의사                                ,구강보건학,1
2015,치과의사                                ,치과재료학,1
2015,치과의사                                ,보건의약관계 법규,1
2015,한약사                                  ,보건·의약 관계 법규,0
2015,한의사                                  ,내과학Ⅰ,1
2015,한의사                                  ,내과학Ⅱ,0
2015,한의사                                  ,침구학,1
2015,한의사                                  ,보건의약관계 법규,0
2015,한의사                                  ,외과학,0
2015,한의사                                  ,신경정신과학,0
2015,한의사                                  ,안이비인후과학,0
2015,한의사                                  ,부인과학,0
2015,한의사                                  ,소아과학,1
2015,한의사                                  ,예방의학,1
2015,한의사                                  ,한방생리학,1
2015,한의사                                  ,본초학,1
2016,1급언어재활사                           ,신경언어장애,1
2016,1급언어재활사                           ,언어발달장애,1
2016,1급언어재활사                           ,유창성장애,1
2016,1급언어재활사                           ,음성장애,1
2016,1급언어재활사                           ,조음음운장애,1
2016,1급언어재활사                           ,언어재활현장실무,1
2016,2급언어재활사                           ,신경언어장애,1
2016,2급언어재활사                           ,유창성장애,1
2016,2급언어재활사                           ,음성장애,1
2016,2급언어재활사                           ,언어발달장애,1
2016,2급언어재활사                           ,조음음운장애,1
2016,간호사                                  ,성인간호학,1
2016,간호사                                  ,모성간호학,0
2016,간호사                                  ,아동간호학,1
2016,간호사                                  ,지역사회간호학,1
2016,간호사                                  ,정신간호학,1
2016,간호사                                  ,간호관리학,1
2016,간호사                                  ,기본간호학,1
2016,간호사                                  ,보건의약관계 법규,1
2016,간호조무사                              ,기초간호학 개요,1
2016,간호조무사                              ,기초간호학 개요,1
2016,간호조무사                              ,보건간호학 개요,1
2016,간호조무사                              ,보건간호학 개요,1
2016,간호조무사                              ,공중보건학개론,1
2016,간호조무사                              ,공중보건학개론,1
2016,간호조무사                              ,실기,0
2016,간호조무사                              ,실기,0
2016,물리치료사                              ,물리치료 기초,1
2016,물리치료사                              ,물리치료 진단평가,1
2016,물리치료사                              ,물리치료 중재,1
2016,물리치료사                              ,의료관계법규,0
2016,물리치료사                              ,실기시험,1
2016,방사선사                                ,방사선이론,1
2016,방사선사                                ,의료관계법규,0
2016,방사선사                                ,방사선응용,1
2016,방사선사                                ,실기시험,1
2016,보건교육사 1급                          ,보건프로그램 개발 및 평가,0
2016,보건교육사 1급                          ,보건교육방법론,0
2016,보건교육사 1급                          ,보건사업관리,1
2016,보건교육사 2급                          ,보건프로그램 개발 및 평가,1
2016,보건교육사 2급                          ,보건교육방법론,1
2016,보건교육사 2급                          ,보건사업관리,1
2016,보건교육사 2급                          ,보건의료법규,1
2016,보건교육사 2급                          ,조사방법론,1
2016,보건교육사 2급                          ,보건의사소통,1
2016,보건교육사 2급                          ,보건학,1
2016,보건교육사 2급                          ,보건교육학,1
2016,보건교육사 3급                          ,보건프로그램 개발 및 평가,1
2016,보건교육사 3급                          ,보건학,1
2016,보건교육사 3급                          ,보건교육학,0
2016,보건교육사 3급                          ,보건의료법규,0
2016,보건의료정보관리사                      ,의무기록정보학1,1
2016,보건의료정보관리사                      ,의무기록정보학2,1
2016,보건의료정보관리사                      ,의료관계법규,0
2016,보건의료정보관리사                      ,실기시험,0
2016,안경사                                  ,시광학이론,1
2016,안경사                                  ,의료관계법규,0
2016,안경사                                  ,시광학응용,1
2016,안경사                                  ,실기시험,1
2016,약사(6년제),생명약학,1
2016,약사(6년제),산업약학,1
2016,약사(6년제),임상·실무약학1,1
2016,약사(6년제),임상·실무약학2,1
2016,약사(6년제),보건·의약 관계 법규,0
2016,약사(4년제),약물학,0
2016,약사(4년제),생화학,0
2016,약사(4년제),위생화학,0
2016,약사(4년제),미생물학,1
2016,약사(4년제),약사 및 마약류 관리에 관한 법령,1
2016,약사(4년제),정성분석학,1
2016,약사(4년제),정량분석학,1
2016,약사(4년제),약제학,1
2016,약사(4년제),대한민국약전,1
2016,약사(4년제),유기약품제조학,1
2016,약사(4년제),무기약품제조학,1
2016,약사(4년제),생약학,1
2016,약사(4년제),약물학(R형),1
2016,약사(4년제),생화학(R형),1
2016,약사(4년제),위생화학(R형),1
2016,약사(4년제),미생물학(R형),1
2016,약사(4년제),정성분석학(R형),1
2016,약사(4년제),정량분석학(R형),1
2016,약사(4년제),약제학(R형),1
2016,약사(4년제),대한민국약전(R형),1
2016,약사(4년제),유기약품제조학(R형),0
2016,약사(4년제),무기약품제조학(R형),0
2016,약사(4년제),생약학(R형),0
2016,영양사                                  ,영양학,1
2016,영양사                                  ,생화학,0
2016,영양사                                  ,생리학,0
2016,영양사                                  ,식품위생학,0
2016,영양사                                  ,영양교육,0
2016,영양사                                  ,식사요법,0
2016,영양사                                  ,식품위생 관계 법규,0
2016,영양사                                  ,단체급식관리,1
2016,영양사                                  ,식품학 및 조리원리,1
2016,요양보호사                              ,요양보호론,0
2016,요양보호사                              ,요양보호론,0
2016,요양보호사                              ,요양보호론,0
2016,요양보호사                              ,실기시험,0
2016,요양보호사                              ,실기시험,0
2016,요양보호사                              ,실기시험,0
2016,위생사                                  ,위생 관계 법령,0
2016,위생사                                  ,환경위생학,1
2016,위생사                                  ,위생곤충학,0
2016,위생사                                  ,공중보건학,0
2016,위생사                                  ,식품위생학,1
2016,위생사                                  ,실기시험,1
2016,응급구조사1급                           ,실기시험,1
2016,응급구조사1급                           ,기초의학,0
2016,응급구조사1급                           ,응급환자관리,0
2016,응급구조사1급                           ,전문응급처치학총론,0
2016,응급구조사1급                           ,응급의료관련법령,0
2016,응급구조사2급                           ,실기시험,1
2016,응급구조사2급                           ,기본응급처치학총론,0
2016,응급구조사2급                           ,기본응급환자관리,0
2016,응급구조사2급                           ,응급의료관련법령,0
2016,응급구조사2급                           ,기본응급처치학각론,1
2016,응급구조사2급                           ,응급의료장비,0
2016,의사                                    ,의학총론1,1
2016,의사                                    ,의학총론2(R형),0
2016,의사                                    ,의학각론1(R형),0
2016,의사                                    ,보건의약관계 법규,0
2016,의사                                    ,의학각론2,0
2016,의사                                    ,의학각론3,1
2016,의사                                    ,의학각론4,1
2016,의사                                    ,의학각론5,1
2016,의지보조기기사                          ,실기시험,1
2016,의지보조기기사                          ,보건의료 관계 법규,0
2016,의지보조기기사                          ,운동·생체역학,0
2016,의지보조기기사                          ,재활공학·재료학,0
2016,의지보조기기사                          ,보조기학,1
2016,의지보조기기사                          ,해부·생리학,0
2016,의지보조기기사                          ,재활의학,0
2016,의지보조기기사                          ,의지학,1
2016,임상병리사                              ,의료관계법규,0
2016,임상병리사                              ,임상검사이론I,1
2016,임상병리사                              ,실기시험,1
2016,작업치료사                              ,작업치료학 기초,1
2016,작업치료사                              ,의료관계법규,0
2016,작업치료사                              ,작업치료학,1
2016,작업치료사                              ,실기시험,1
2016,조산사                                  ,신생아간호학,0
2016,조산사                                  ,모자보건학,0
2016,조산사                                  ,모자보건법,0
2016,치과기공사                              ,치과기공학 기초,1
2016,치과기공사                              ,의료관계법규,0
2016,치과기공사                              ,실기시험,1
2016,치과위생사                              ,실기시험,1
2016,치과위생사                              ,의료관계법규,0
2016,치과위생사                              ,치위생학1,1
2016,치과위생사                              ,치위생학2,1
2016,치과의사                                ,구강내과학,1
2016,치과의사                                ,치과보철학,1
2016,치과의사                                ,소아치과학,1
2016,치과의사                                ,치과교정학,1
2016,치과의사                                ,구강병리학,1
2016,치과의사                                ,구강생물학,1
2016,치과의사                                ,영상치의학,1
2016,치과의사                                ,치주과학,1
2016,치과의사                                ,구강악안면외과학,1
2016,치과의사                                ,치과보존학,1
2016,치과의사                                ,구강보건학,0
2016,치과의사                                ,치과재료학,0
2016,치과의사                                ,보건의약관계 법규,0
2016,한약사                                  ,보건·의약 관계 법규,0
2016,한의사                                  ,내과학Ⅰ,1
2016,한의사                                  ,내과학Ⅱ,1
2016,한의사                                  ,침구학,1
2016,한의사                                  ,보건의약관계 법규,1
2016,한의사                                  ,외과학,1
2016,한의사                                  ,신경정신과학,1
2016,한의사                                  ,안이비인후과학,1
2016,한의사                                  ,부인과학,1
2016,한의사                                  ,소아과학,1
2016,한의사                                  ,예방의학,1
2016,한의사                                  ,한방생리학,1
2016,한의사                                  ,본초학,1
2017,1급언어재활사                           ,신경언어장애,1
2017,1급언어재활사                           ,언어발달장애,1
2017,1급언어재활사                           ,유창성장애,0
2017,1급언어재활사                           ,음성장애,0
2017,1급언어재활사                           ,조음음운장애,0
2017,1급언어재활사                           ,언어재활현장실무,0
2017,2급언어재활사                           ,신경언어장애,1
2017,2급언어재활사                           ,유창성장애,1
2017,2급언어재활사                           ,음성장애,1
2017,2급언어재활사                           ,언어발달장애,1
2017,2급언어재활사                           ,조음음운장애,1
2017,간호사                                  ,성인간호학,1
2017,간호사                                  ,모성간호학,1
2017,간호사                                  ,아동간호학,1
2017,간호사                                  ,지역사회간호학,1
2017,간호사                                  ,정신간호학,1
2017,간호사                                  ,간호관리학,1
2017,간호사                                  ,기본간호학,1
2017,간호사                                  ,보건의약관계 법규,1
2017,간호조무사                              ,기초간호학 개요,1
2017,간호조무사                              ,기초간호학 개요,1
2017,간호조무사                              ,보건간호학 개요,1
2017,간호조무사                              ,보건간호학 개요,0
2017,간호조무사                              ,공중보건학개론,0
2017,간호조무사                              ,공중보건학개론,1
2017,간호조무사                              ,실기,1
2017,간호조무사                              ,실기,1
2017,보건교육사 1급                          ,보건프로그램 개발 및 평가,1
2017,보건교육사 1급                          ,보건교육방법론,1
2017,보건교육사 1급                          ,보건사업관리,1
2017,보건교육사 2급                          ,보건프로그램 개발 및 평가,1
2017,보건교육사 2급                          ,보건교육방법론,1
2017,보건교육사 2급                          ,보건사업관리,1
2017,보건교육사 2급                          ,보건의료법규,1
2017,보건교육사 2급                          ,조사방법론,1
2017,보건교육사 2급                          ,보건의사소통,1
2017,보건교육사 2급                          ,보건학,1
2017,보건교육사 2급                          ,보건교육학,1
2017,보건교육사 3급                          ,보건프로그램 개발 및 평가,1
2017,보건교육사 3급                          ,보건학,0
2017,보건교육사 3급                          ,보건교육학,0
2017,보건교육사 3급                          ,보건의료법규,0
2017,보건의료정보관리사                      ,의무기록정보학1,1
2017,보건의료정보관리사                      ,의무기록정보학2,1
2017,보건의료정보관리사                      ,의료관계법규,0
2017,보건의료정보관리사                      ,실기시험,0
2017,안경사                                  ,시광학이론,1
2017,안경사                                  ,의료관계법규,0
2017,안경사                                  ,시광학응용,1
2017,안경사                                  ,실기시험,1
2017,약사(6년제),생명약학,1
2017,약사(6년제),산업약학,1
2017,약사(6년제),임상·실무약학1,1
2017,약사(6년제),임상·실무약학2,1
2017,약사(6년제),보건·의약 관계 법규,0
2017,영양사                                  ,영양학 및 생화학,1
2017,영양사                                  ,영양학 및 생화학,1
2017,영양사                                  ,"영양교육, 식사요법 및 생리학",1
2017,영양사                                  ,"영양교육, 식사요법 및 생리학",1
2017,영양사                                  ,식품학 및 조리원리,0
2017,영양사                                  ,식품학 및 조리원리,0
2017,영양사                                  ,"급식, 위생 및 관계법규",1
2017,영양사                                  ,"급식, 위생 및 관계법규",1
2017,요양보호사                              ,요양보호론,0
2017,요양보호사                              ,요양보호론,0
2017,요양보호사                              ,요양보호론,0
2017,요양보호사                              ,실기시험,0
2017,요양보호사                              ,실기시험,0
2017,요양보호사                              ,실기시험,0
2017,위생사                                  ,위생 관계 법령,0
2017,위생사                                  ,환경위생학,1
2017,위생사                                  ,위생곤충학,0
2017,위생사                                  ,공중보건학,0
2017,위생사                                  ,식품위생학,0
2017,위생사                                  ,실기시험,0
2017,응급구조사1급                           ,실기시험,1
2017,응급구조사1급                           ,기초의학,0
2017,응급구조사1급                           ,응급환자관리,0
2017,응급구조사1급                           ,전문응급처치학총론,0
2017,응급구조사1급                           ,응급의료관련법령,0
2017,응급구조사2급                           ,실기시험,1
2017,응급구조사2급                           ,기본응급처치학총론,0
2017,응급구조사2급                           ,기본응급환자관리,0
2017,응급구조사2급                           ,응급의료관련법령,0
2017,응급구조사2급                           ,기본응급처치학각론,1
2017,응급구조사2급                           ,응급의료장비,0
2017,의사                                    ,보건의약관계 법규,0
2017,의사                                    ,의학총론1,1
2017,의사                                    ,의학총론2(R형),0
2017,의사                                    ,의학각론1(R형),1
2017,의사                                    ,의학각론2,1
2017,의사                                    ,의학각론3,1
2017,의사                                    ,의학각론4,1
2017,의지보조기기사                          ,실기시험,1
2017,의지보조기기사                          ,보건의료 관계 법규,0
2017,의지보조기기사                          ,운동·생체역학,0
2017,의지보조기기사                          ,재활공학·재료학,0
2017,의지보조기기사                          ,보조기학,1
2017,의지보조기기사                          ,해부·생리학,0
2017,의지보조기기사                          ,재활의학,0
2017,의지보조기기사                          ,의지학,1
2017,임상병리사                              ,의료관계법규,0
2017,임상병리사                              ,임상검사이론I,1
2017,임상병리사                              ,실기시험,1
2017,작업치료사                              ,작업치료학 기초,1
2017,작업치료사                              ,실기시험,1
2017,작업치료사                              ,의료관계법규,0
2017,작업치료사                              ,작업치료학 기초,1
2017,작업치료사                              ,작업치료학,1
2017,작업치료사                              ,의료관계법규,0
2017,작업치료사                              ,작업치료학,1
2017,작업치료사                              ,실기시험,1
2017,조산사                                  ,신생아간호학,0
2017,조산사                                  ,모자보건학,0
2017,조산사                                  ,모자보건법,0
2017,치과기공사                              ,치과기공학 기초,1
2017,치과기공사                              ,의료관계법규,0
2017,치과기공사                              ,실기시험,1
2017,치과의사                                ,구강내과학,1
2017,치과의사                                ,치과보철학,1
2017,치과의사                                ,소아치과학,1
2017,치과의사                                ,치과교정학,1
2017,치과의사                                ,구강병리학,1
2017,치과의사                                ,구강생물학,1
2017,치과의사                                ,영상치의학,1
2017,치과의사                                ,치주과학,1
2017,치과의사                                ,구강악안면외과학,1
2017,치과의사                                ,치과보존학,0
2017,치과의사                                ,구강보건학,1
2017,치과의사                                ,치과재료학,0
2017,치과의사                                ,보건의약관계 법규,0
2017,한약사                                  ,보건·의약 관계 법규,0
2017,한의사                                  ,내과학1,1
2017,한의사                                  ,내과학2,0
2017,한의사                                  ,침구학,1
2017,한의사                                  ,보건의약관계 법규,1
2017,한의사                                  ,외과학,1
2017,한의사                                  ,신경정신과학,1
2017,한의사                                  ,안이비인후과학,1
2017,한의사                                  ,부인과학,1
2017,한의사                                  ,소아과학,1
2017,한의사                                  ,예방의학,1
2017,한의사                                  ,한방생리학,1
2017,한의사                                  ,본초학,1
2018,1급 장애인재활상담사                    ,직업재활개론,1
2018,1급 장애인재활상담사                    ,직업재활개론,1
2018,1급 장애인재활상담사                    ,재활상담,1
2018,1급 장애인재활상담사                    ,재활상담,1
2018,1급 장애인재활상담사                    ,재활사례관리,0
2018,1급 장애인재활상담사                    ,재활사례관리,1
2018,1급 장애인재활상담사                    ,직업평가,1
2018,1급 장애인재활상담사                    ,직업평가,1
2018,1급 장애인재활상담사                    ,직무개발과 배치,1
2018,1급 장애인재활상담사                    ,직무개발과 배치,1
2018,1급 장애인재활상담사                    ,재활행정,1
2018,1급 장애인재활상담사                    ,재활행정,1
2018,1급 장애인재활상담사                    ,재활정책,1
2018,1급 장애인재활상담사                    ,재활정책,1
2018,1급 장애인재활상담사 특례               ,직업재활개론,1
2018,1급 장애인재활상담사 특례               ,재활상담,1
2018,1급 장애인재활상담사 특례               ,재활사례관리,1
2018,1급 장애인재활상담사 특례               ,직업평가,1
2018,1급 장애인재활상담사 특례               ,직무개발과 배치,1
2018,1급 장애인재활상담사 특례               ,재활행정,1
2018,1급 장애인재활상담사 특례               ,재활정책,1
2018,1급언어재활사                           ,신경언어장애,1
2018,1급언어재활사                           ,언어발달장애,1
2018,1급언어재활사                           ,유창성장애,1
2018,1급언어재활사                           ,음성장애,1
2018,1급언어재활사                           ,조음음운장애,1
2018,1급언어재활사                           ,언어재활현장실무,1
2018,2급 장애인재활상담사                    ,직업재활개론,0
2018,2급 장애인재활상담사                    ,직업재활개론,0
2018,2급 장애인재활상담사                    ,재활상담,0
2018,2급 장애인재활상담사                    ,재활상담,1
2018,2급 장애인재활상담사                    ,재활사례관리,1
2018,2급 장애인재활상담사                    ,재활사례관리,1
2018,2급 장애인재활상담사                    ,직업평가,1
2018,2급 장애인재활상담사                    ,직업평가,1
2018,2급 장애인재활상담사                    ,직무개발과 배치,1
2018,2급 장애인재활상담사                    ,직무개발과 배치,1
2018,2급 장애인재활상담사                    ,재활행정,1
2018,2급 장애인재활상담사                    ,재활행정,1
2018,2급 장애인재활상담사                    ,재활정책,1
2018,2급 장애인재활상담사                    ,재활정책,1
2018,2급 장애인재활상담사 특례               ,직업재활개론,1
2018,2급 장애인재활상담사 특례               ,재활상담,1
2018,2급 장애인재활상담사 특례               ,재활사례관리,1
2018,2급 장애인재활상담사 특례               ,직업평가,1
2018,2급 장애인재활상담사 특례               ,직무개발과 배치,1
2018,2급 장애인재활상담사 특례               ,재활행정,0
2018,2급 장애인재활상담사 특례               ,재활정책,1
2018,2급언어재활사                           ,신경언어장애,1
2018,2급언어재활사                           ,유창성장애,1
2018,2급언어재활사                           ,음성장애,1
2018,2급언어재활사                           ,언어발달장애,1
2018,2급언어재활사                           ,조음음운장애,1
2018,3급 장애인재활상담사                    ,직업재활개론,1
2018,3급 장애인재활상담사                    ,직업재활개론,1
2018,3급 장애인재활상담사                    ,재활상담,1
2018,3급 장애인재활상담사                    ,재활상담,1
2018,3급 장애인재활상담사                    ,재활사례관리,1
2018,3급 장애인재활상담사                    ,재활사례관리,1
2018,3급 장애인재활상담사                    ,직업평가,1
2018,3급 장애인재활상담사                    ,직업평가,1
2018,3급 장애인재활상담사                    ,직무개발과 배치,1
2018,3급 장애인재활상담사                    ,직무개발과 배치,1
2018,3급 장애인재활상담사                    ,재활행정,1
2018,3급 장애인재활상담사                    ,재활행정,0
2018,3급 장애인재활상담사                    ,재활정책,0
2018,3급 장애인재활상담사                    ,재활정책,1
2018,3급 장애인재활상담사 특례               ,직업재활개론,1
2018,3급 장애인재활상담사 특례               ,재활상담,1
2018,3급 장애인재활상담사 특례               ,재활사례관리,1
2018,3급 장애인재활상담사 특례               ,직업평가,1
2018,3급 장애인재활상담사 특례               ,직무개발과 배치,1
2018,3급 장애인재활상담사 특례               ,재활행정,1
2018,3급 장애인재활상담사 특례               ,재활정책,0
2018,간호사                                  ,성인간호학,1
2018,간호사                                  ,모성간호학,0
2018,간호사                                  ,아동간호학,0
2018,간호사                                  ,지역사회간호학,0
2018,간호사                                  ,정신간호학,0
2018,간호사                                  ,간호관리학,0
2018,간호사                                  ,기본간호학,0
2018,간호사                                  ,보건의약관계 법규,0
2018,간호조무사                              ,기초간호학 개요,1
2018,간호조무사                              ,기초간호학 개요,1
2018,간호조무사                              ,보건간호학 개요,1
2018,간호조무사                              ,보건간호학 개요,1
2018,간호조무사                              ,공중보건학개론,1
2018,간호조무사                              ,공중보건학개론,1
2018,간호조무사                              ,실기,1
2018,간호조무사                              ,실기,1
2018,물리치료사                              ,물리치료 기초,1
2018,물리치료사                              ,물리치료 진단평가,1
2018,물리치료사                              ,물리치료 중재,1
2018,물리치료사                              ,의료관계법규,0
2018,물리치료사                              ,실기시험,1
2018,방사선사                                ,방사선이론,1
2018,방사선사                                ,방사선이론,1
2018,방사선사                                ,의료관계법규,0
2018,방사선사                                ,의료관계법규,0
2018,방사선사                                ,방사선응용,1
2018,방사선사                                ,방사선응용,1
2018,방사선사                                ,실기시험,1
2018,방사선사                                ,실기시험,1
2018,보건교육사 1급                          ,보건프로그램 개발 및 평가,0
2018,보건교육사 1급                          ,보건교육방법론,0
2018,보건교육사 1급                          ,보건사업관리,1
2018,보건교육사 2급                          ,보건프로그램 개발 및 평가,1
2018,보건교육사 2급                          ,보건교육방법론,1
2018,보건교육사 2급                          ,보건사업관리,1
2018,보건교육사 2급                          ,보건의료법규,1
2018,보건교육사 2급                          ,조사방법론,1
2018,보건교육사 2급                          ,보건의사소통,1
2018,보건교육사 2급                          ,보건학,1
2018,보건교육사 2급                          ,보건교육학,1
2018,보건교육사 3급                          ,보건프로그램 개발 및 평가,1
2018,보건교육사 3급                          ,보건학,1
2018,보건교육사 3급                          ,보건교육학,0
2018,보건교육사 3급                          ,보건의료법규,0
2018,보건의료정보관리사                      ,의무기록정보학1,1
2018,보건의료정보관리사                      ,의무기록정보학2,1
2018,보건의료정보관리사                      ,의료관계법규,0
2018,보건의료정보관리사                      ,실기시험,0
2018,안경사                                  ,시광학이론,1
2018,안경사                                  ,의료관계법규,0
2018,안경사                                  ,시광학응용,1
2018,안경사                                  ,실기시험,1
2018,약사(6년제),생명약학,1
2018,약사(6년제),산업약학,1
2018,약사(6년제),임상·실무약학1,1
2018,약사(6년제),임상·실무약학2,1
2018,약사(6년제),보건·의약 관계 법규,0
2018,영양사                                  ,영양학 및 생화학,1
2018,영양사                                  ,"영양교육, 식사요법 및 생리학",1
2018,영양사                                  ,식품학 및 조리원리,0
2018,영양사                                  ,"급식, 위생 및 관계법규",1
2018,요양보호사                              ,요양보호론,1
2018,요양보호사                              ,요양보호론,1
2018,요양보호사                              ,요양보호론,1
2018,요양보호사                              ,실기시험,1
2018,요양보호사                              ,실기시험,0
2018,요양보호사                              ,실기시험,0
2018,위생사                                  ,위생 관계 법령,0
2018,위생사                                  ,환경위생학,1
2018,위생사                                  ,위생곤충학,0
2018,위생사                                  ,공중보건학,0
2018,위생사                                  ,식품위생학,0
2018,위생사                                  ,실기시험,0
2018,응급구조사1급                           ,실기시험,1
2018,응급구조사1급                           ,기초의학,0
2018,응급구조사1급                           ,응급환자관리,0
2018,응급구조사1급                           ,전문응급처치학총론,0
2018,응급구조사1급                           ,응급의료관련법령,0
2018,응급구조사2급                           ,실기시험,1
2018,응급구조사2급                           ,기본응급처치학총론,0
2018,응급구조사2급                           ,기본응급환자관리,0
2018,응급구조사2급                           ,응급의료관련법령,0
2018,응급구조사2급                           ,기본응급처치학각론,1
2018,응급구조사2급                           ,응급의료장비,0
2018,의사                                    ,보건의약관계 법규,0
2018,의사                                    ,의학총론1,1
2018,의사                                    ,의학총론2(R형),0
2018,의사                                    ,의학각론1(R형),1
2018,의사                                    ,의학각론2,1
2018,의사                                    ,의학각론3,1
2018,의사                                    ,의학각론4,1
2018,의지보조기기사                          ,실기시험,1
2018,의지보조기기사                          ,보건의료 관계 법규,0
2018,의지보조기기사                          ,운동·생체역학,0
2018,의지보조기기사                          ,재활공학·재료학,0
2018,의지보조기기사                          ,보조기학,1
2018,의지보조기기사                          ,해부·생리학,0
2018,의지보조기기사                          ,재활의학,0
2018,의지보조기기사                          ,의지학,1
2018,작업치료사                              ,작업치료학 기초,1
2018,작업치료사                              ,의료관계법규,0
2018,작업치료사                              ,작업치료학,1
2018,작업치료사                              ,실기시험,1
2018,조산사                                  ,신생아간호학,0
2018,조산사                                  ,모자보건학,0
2018,조산사                                  ,모자보건법,0
2018,치과기공사                              ,치과기공학 기초,1
2018,치과기공사                              ,의료관계법규,0
2018,치과기공사                              ,실기시험,1
2018,치과위생사                              ,실기시험,1
2018,치과위생사                              ,의료관계법규,0
2018,치과위생사                              ,치위생학1,1
2018,치과위생사                              ,치위생학2,1
2018,치과의사                                ,구강내과학,1
2018,치과의사                                ,치과보철학,0
2018,치과의사                                ,소아치과학,0
2018,치과의사                                ,치과교정학,0
2018,치과의사                                ,구강병리학,0
2018,치과의사                                ,구강생물학,0
2018,치과의사                                ,영상치의학,0
2018,치과의사                                ,치주과학,0
2018,치과의사                                ,구강악안면외과학,0
2018,치과의사                                ,치과보존학,1
2018,치과의사                                ,구강보건학,1
2018,치과의사                                ,치과재료학,1
2018,치과의사                                ,보건의약관계 법규,1
2018,한약사                                  ,보건·의약 관계 법규,1
2018,한의사                                  ,내과학1,1
2018,한의사                                  ,내과학2,1
2018,한의사                                  ,침구학,1
2018,한의사                                  ,보건의약관계 법규,1
2018,한의사                                  ,외과학,1
2018,한의사                                  ,신경정신과학,1
2018,한의사                                  ,안이비인후과학,1
2018,한의사                                  ,부인과학,1
2018,한의사                                  ,소아과학,1
2018,한의사                                  ,예방의학,1
2018,한의사                                  ,한방생리학,1
2018,한의사                                  ,본초학,1
2019,1급 장애인재활상담사                    ,직업재활개론,1
2019,1급 장애인재활상담사                    ,재활상담,0
2019,1급 장애인재활상담사                    ,재활사례관리,0
2019,1급 장애인재활상담사                    ,직업평가,0
2019,1급 장애인재활상담사                    ,직무개발과 배치,0
2019,1급 장애인재활상담사                    ,재활행정,0
2019,1급 장애인재활상담사                    ,재활정책,1
2019,1급 장애인재활상담사 특례               ,직업재활개론,1
2019,1급 장애인재활상담사 특례               ,재활상담,1
2019,1급 장애인재활상담사 특례               ,재활사례관리,1
2019,1급 장애인재활상담사 특례               ,직업평가,1
2019,1급 장애인재활상담사 특례               ,직무개발과 배치,1
2019,1급 장애인재활상담사 특례               ,재활행정,1
2019,1급 장애인재활상담사 특례               ,재활정책,1
2019,1급언어재활사                           ,신경언어장애,1
2019,1급언어재활사                           ,언어발달장애,1
2019,1급언어재활사                           ,유창성장애,1
2019,1급언어재활사                           ,음성장애,1
2019,1급언어재활사                           ,조음음운장애,1
2019,1급언어재활사                           ,언어재활현장실무,1
2019,2급 장애인재활상담사                    ,직업재활개론,0
2019,2급 장애인재활상담사                    ,재활상담,0
2019,2급 장애인재활상담사                    ,재활사례관리,1
2019,2급 장애인재활상담사                    ,직업평가,1
2019,2급 장애인재활상담사                    ,직무개발과 배치,1
2019,2급 장애인재활상담사                    ,재활행정,1
2019,2급 장애인재활상담사                    ,재활정책,1
2019,2급 장애인재활상담사 특례               ,직업재활개론,1
2019,2급 장애인재활상담사 특례               ,재활상담,1
2019,2급 장애인재활상담사 특례               ,재활사례관리,1
2019,2급 장애인재활상담사 특례               ,직업평가,1
2019,2급 장애인재활상담사 특례               ,직무개발과 배치,1
2019,2급 장애인재활상담사 특례               ,재활행정,1
2019,2급 장애인재활상담사 특례               ,재활정책,1
2019,2급언어재활사                           ,신경언어장애,1
2019,2급언어재활사                           ,유창성장애,1
2019,2급언어재활사                           ,음성장애,0
2019,2급언어재활사                           ,언어발달장애,0
2019,2급언어재활사                           ,조음음운장애,0
2019,3급 장애인재활상담사                    ,직업재활개론,1
2019,3급 장애인재활상담사                    ,재활상담,1
2019,3급 장애인재활상담사                    ,재활사례관리,1
2019,3급 장애인재활상담사                    ,직업평가,1
2019,3급 장애인재활상담사                    ,직무개발과 배치,1
2019,3급 장애인재활상담사                    ,재활행정,1
2019,3급 장애인재활상담사                    ,재활정책,1
2019,3급 장애인재활상담사 특례               ,직업재활개론,1
2019,3급 장애인재활상담사 특례               ,재활상담,1
2019,3급 장애인재활상담사 특례               ,재활사례관리,1
2019,3급 장애인재활상담사 특례               ,직업평가,1
2019,3급 장애인재활상담사 특례               ,직무개발과 배치,0
2019,3급 장애인재활상담사 특례               ,재활행정,0
2019,3급 장애인재활상담사 특례               ,재활정책,0
2019,간호사                                  ,성인간호학,1
2019,간호사                                  ,모성간호학,0
2019,간호사                                  ,아동간호학,1
2019,간호사                                  ,지역사회간호학,1
2019,간호사                                  ,정신간호학,1
2019,간호사                                  ,간호관리학,1
2019,간호사                                  ,기본간호학,1
2019,간호사                                  ,보건의약관계 법규,1
2019,간호조무사                              ,기초간호학 개요,1
2019,간호조무사                              ,기초간호학 개요,1
2019,간호조무사                              ,보건간호학 개요,1
2019,간호조무사                              ,보건간호학 개요,1
2019,간호조무사                              ,공중보건학개론,1
2019,간호조무사                              ,공중보건학개론,1
2019,간호조무사                              ,실기,0
2019,간호조무사                              ,실기,0
2019,물리치료사                              ,물리치료 기초,1
2019,물리치료사                              ,물리치료 기초,1
2019,물리치료사                              ,물리치료 진단평가,1
2019,물리치료사                              ,물리치료 진단평가,1
2019,물리치료사                              ,물리치료 중재,1
2019,물리치료사                              ,물리치료 중재,1
2019,물리치료사                              ,의료관계법규,0
2019,물리치료사                              ,의료관계법규,0
2019,물리치료사                              ,실기시험,1
2019,물리치료사                              ,실기시험,1
2019,방사선사                                ,방사선이론,1
2019,방사선사                                ,의료관계법규,0
2019,방사선사                                ,방사선응용,1
2019,방사선사                                ,실기시험,1
2019,보건교육사 1급                          ,보건프로그램 개발 및 평가,0
2019,보건교육사 1급                          ,보건교육방법론,0
2019,보건교육사 1급                          ,보건사업관리,0
2019,보건교육사 2급                          ,보건프로그램 개발 및 평가,0
2019,보건교육사 2급                          ,보건교육방법론,0
2019,보건교육사 2급                          ,보건사업관리,1
2019,보건교육사 2급                          ,보건의료법규,1
2019,보건교육사 2급                          ,조사방법론,1
2019,보건교육사 2급                          ,보건의사소통,1
2019,보건교육사 2급                          ,보건학,1
2019,보건교육사 2급                          ,보건교육학,1
2019,보건교육사 3급                          ,보건프로그램 개발 및 평가,1
2019,보건교육사 3급                          ,보건학,1
2019,보건교육사 3급                          ,보건교육학,1
2019,보건교육사 3급                          ,보건의료법규,0
2019,보건의료정보관리사                      ,보건의료정보관리학1,1
2019,보건의료정보관리사                      ,보건의료정보관리학2,1
2019,보건의료정보관리사                      ,의료관계법규,0
2019,보건의료정보관리사                      ,실기시험,0
2019,보조공학사                              ,보조공학사 기초,1
2019,보조공학사                              ,보조공학사 응용·실기,1
2019,보조공학사 특례                         ,보조공학사 기초,0
2019,보조공학사 특례                         ,보조공학사 응용·실기,1
2019,안경사                                  ,시광학이론,1
2019,안경사                                  ,의료관계법규,0
2019,안경사                                  ,시광학응용,1
2019,안경사                                  ,실기시험,1
2019,약사(6년제),생명약학,1
2019,약사(6년제),산업약학,1
2019,약사(6년제),임상·실무약학1,1
2019,약사(6년제),임상·실무약학2,1
2019,약사(6년제),보건·의약 관계 법규,0
2019,영양사                                  ,영양학 및 생화학,1
2019,영양사                                  ,"영양교육, 식사요법 및 생리학",1
2019,영양사                                  ,식품학 및 조리원리,0
2019,영양사                                  ,"급식, 위생 및 관계법규",1
2019,요양보호사                              ,요양보호론,0
2019,요양보호사                              ,요양보호론,0
2019,요양보호사                              ,요양보호론,1
2019,요양보호사                              ,실기시험,1
2019,요양보호사                              ,실기시험,1
2019,요양보호사                              ,실기시험,1
2019,위생사                                  ,위생 관계 법령,1
2019,위생사                                  ,환경위생학,1
2019,위생사                                  ,위생곤충학,1
2019,위생사                                  ,공중보건학,1
2019,위생사                                  ,식품위생학,0
2019,위생사                                  ,실기시험,0
2019,응급구조사1급                           ,실기시험,1
2019,응급구조사1급                           ,기초의학,0
2019,응급구조사1급                           ,응급환자관리,0
2019,응급구조사1급                           ,전문응급처치학총론,0
2019,응급구조사1급                           ,응급의료관련법령,0
2019,응급구조사2급                           ,실기시험,1
2019,응급구조사2급                           ,기본응급처치학총론,0
2019,응급구조사2급                           ,기본응급환자관리,0
2019,응급구조사2급                           ,응급의료관련법령,0
2019,응급구조사2급                           ,기본응급처치학각론,1
2019,응급구조사2급                           ,응급의료장비,0
2019,의사                                    ,보건의약관계 법규,0
2019,의사                                    ,의학총론,1
2019,의사                                    ,의학각론1,1
2019,의사                                    ,의학각론2,1
2019,의사                                    ,의학각론3,1
2019,의사                                    ,의학각론4,0
2019,의사                                    ,의학각론5(R형),0
2019,의지보조기기사                          ,실기시험,1
2019,의지보조기기사                          ,보건의료 관계 법규,0
2019,의지보조기기사                          ,운동·생체역학,0
2019,의지보조기기사                          ,재활공학·재료학,0
2019,의지보조기기사                          ,보조기학,1
2019,의지보조기기사                          ,해부·생리학,0
2019,의지보조기기사                          ,재활의학,0
2019,의지보조기기사                          ,의지학,1
2019,임상병리사                              ,의료관계법규,0
2019,임상병리사                              ,의료관계법규,0
2019,임상병리사                              ,임상검사이론I,1
2019,임상병리사                              ,임상검사이론I,1
2019,임상병리사                              ,실기시험,1
2019,임상병리사                              ,실기시험,1
2019,작업치료사                              ,작업치료학 기초,1
2019,작업치료사                              ,의료관계법규,0
2019,작업치료사                              ,작업치료학,1
2019,작업치료사                              ,실기시험,1
2019,조산사                                  ,신생아간호학,0
2019,조산사                                  ,모자보건학,0
2019,조산사                                  ,모자보건법,0
2019,치과기공사                              ,치과기공학 기초,1
2019,치과기공사                              ,의료관계법규,0
2019,치과기공사                              ,실기시험,1
2019,치과위생사                              ,실기시험,1
2019,치과위생사                              ,실기시험,1
2019,치과위생사                              ,의료관계법규,0
2019,치과위생사                              ,의료관계법규,0
2019,치과위생사                              ,치위생학1,1
2019,치과위생사                              ,치위생학1,1
2019,치과위생사                              ,치위생학2,1
2019,치과위생사                              ,치위생학2,1
2019,치과의사                                ,구강내과학,0
2019,치과의사                                ,치과보철학,0
2019,치과의사                                ,소아치과학,0
2019,치과의사                                ,치과교정학,0
2019,치과의사                                ,구강병리학,0
2019,치과의사                                ,구강생물학,0
2019,치과의사                                ,영상치의학,0
2019,치과의사                                ,치주과학,0
2019,치과의사                                ,구강악안면외과학,1
2019,치과의사                                ,치과보존학,1
2019,치과의사                                ,구강보건학,1
2019,치과의사                                ,치과재료학,1
2019,치과의사                                ,보건의약관계 법규,1
2019,한약사                                  ,보건·의약 관계 법규,1
2019,한의사                                  ,내과학1,1
2019,한의사                                  ,내과학2,1
2019,한의사                                  ,침구학,1
2019,한의사                                  ,보건의약관계 법규,1
2019,한의사                                  ,외과학,1
2019,한의사                                  ,신경정신과학,1
2019,한의사                                  ,안이비인후과학,1
2019,한의사                                  ,부인과학,1
2019,한의사                                  ,소아과학,0
2019,한의사                                  ,예방의학,0
2019,한의사                                  ,한방생리학,1
2019,한의사                                  ,본초학,1
2020,1급 장애인재활상담사                    ,직업재활개론,1
2020,1급 장애인재활상담사                    ,재활상담,1
2020,1급 장애인재활상담사                    ,재활사례관리,1
2020,1급 장애인재활상담사                    ,직업평가,1
2020,1급 장애인재활상담사                    ,직무개발과 배치,1
2020,1급 장애인재활상담사                    ,재활행정,1
2020,1급 장애인재활상담사                    ,재활정책,1
2020,1급 장애인재활상담사 특례               ,직업재활개론,1
2020,1급 장애인재활상담사 특례               ,재활상담,0
2020,1급 장애인재활상담사 특례               ,재활사례관리,0
2020,1급 장애인재활상담사 특례               ,직업평가,1
2020,1급 장애인재활상담사 특례               ,직무개발과 배치,1
2020,1급 장애인재활상담사 특례               ,재활행정,1
2020,1급 장애인재활상담사 특례               ,재활정책,1
2020,1급언어재활사                           ,신경언어장애,1
2020,1급언어재활사                           ,언어발달장애,1
2020,1급언어재활사                           ,유창성장애,1
2020,1급언어재활사                           ,음성장애,1
2020,1급언어재활사                           ,조음음운장애,1
2020,1급언어재활사                           ,언어재활현장실무,1
2020,2급 장애인재활상담사                    ,직업재활개론,1
2020,2급 장애인재활상담사                    ,재활상담,1
2020,2급 장애인재활상담사                    ,재활사례관리,1
2020,2급 장애인재활상담사                    ,직업평가,1
2020,2급 장애인재활상담사                    ,직무개발과 배치,1
2020,2급 장애인재활상담사                    ,재활행정,1
2020,2급 장애인재활상담사                    ,재활정책,1
2020,2급 장애인재활상담사 특례               ,직업재활개론,1
2020,2급 장애인재활상담사 특례               ,재활상담,1
2020,2급 장애인재활상담사 특례               ,재활사례관리,1
2020,2급 장애인재활상담사 특례               ,직업평가,1
2020,2급 장애인재활상담사 특례               ,직무개발과 배치,0
2020,2급 장애인재활상담사 특례               ,재활행정,0
2020,2급 장애인재활상담사 특례               ,재활정책,1
2020,2급언어재활사                           ,신경언어장애,1
2020,2급언어재활사                           ,유창성장애,1
2020,2급언어재활사                           ,음성장애,1
2020,2급언어재활사                           ,언어발달장애,1
2020,2급언어재활사                           ,조음음운장애,1
2020,3급 장애인재활상담사                    ,직업재활개론,1
2020,3급 장애인재활상담사                    ,재활상담,1
2020,3급 장애인재활상담사                    ,재활사례관리,1
2020,3급 장애인재활상담사                    ,직업평가,1
2020,3급 장애인재활상담사                    ,직무개발과 배치,1
2020,3급 장애인재활상담사                    ,재활행정,1
2020,3급 장애인재활상담사                    ,재활정책,1
2020,3급 장애인재활상담사 특례               ,직업재활개론,1
2020,3급 장애인재활상담사 특례               ,재활상담,1
2020,3급 장애인재활상담사 특례               ,재활사례관리,1
2020,3급 장애인재활상담사 특례               ,직업평가,1
2020,3급 장애인재활상담사 특례               ,직무개발과 배치,1
2020,3급 장애인재활상담사 특례               ,재활행정,0
2020,3급 장애인재활상담사 특례               ,재활정책,0
2020,간호사                                  ,성인간호학,1
2020,간호사                                  ,모성간호학,0
2020,간호사                                  ,아동간호학,1
2020,간호사                                  ,지역사회간호학,1
2020,간호사                                  ,정신간호학,1
2020,간호사                                  ,간호관리학,1
2020,간호사                                  ,기본간호학,1
2020,간호사                                  ,보건의약관계 법규,1
2020,간호조무사                              ,기초간호학 개요,1
2020,간호조무사                              ,기초간호학 개요,1
2020,간호조무사                              ,보건간호학 개요,1
2020,간호조무사                              ,보건간호학 개요,1
2020,간호조무사                              ,공중보건학개론,1
2020,간호조무사                              ,공중보건학개론,1
2020,간호조무사                              ,실기,0
2020,간호조무사                              ,실기,0
2020,물리치료사                              ,물리치료 기초,1
2020,물리치료사                              ,물리치료 진단평가,0
2020,물리치료사                              ,물리치료 중재,1
2020,물리치료사                              ,의료관계법규,0
2020,물리치료사                              ,실기시험,1
2020,방사선사                                ,방사선이론,1
2020,방사선사                                ,의료관계법규,0
2020,방사선사                                ,방사선응용,1
2020,방사선사                                ,실기시험,1
2020,보건의료정보관리사                      ,보건의료정보관리학2,1
2020,보건의료정보관리사                      ,의료관계법규,0
2020,보건의료정보관리사                      ,실기시험,0
2020,보조공학사                              ,보조공학사 기초,1
2020,보조공학사                              ,보조공학사 응용·실기,1
2020,보조공학사 특례                         ,보조공학사 기초,0
2020,보조공학사 특례                         ,보조공학사 응용·실기,1
2020,안경사                                  ,시광학이론,1
2020,안경사                                  ,의료관계법규,0
2020,안경사                                  ,시광학응용,1
2020,안경사                                  ,실기시험,1
2020,약사(6년제),생명약학,1
2020,약사(6년제),산업약학,1
2020,약사(6년제),임상·실무약학1,1
2020,약사(6년제),임상·실무약학2,1
2020,약사(6년제),보건·의약 관계 법규,0
2020,약사예비시험                            ,약학 기초1,1
2020,약사예비시험                            ,약학 기초2,1
2020,약사예비시험                            ,약학 기초3,1
2020,영양사                                  ,영양학 및 생화학,1
2020,영양사                                  ,"영양교육, 식사요법 및 생리학",1
2020,영양사                                  ,식품학 및 조리원리,0
2020,영양사                                  ,"급식, 위생 및 관계법규",1
2020,요양보호사                              ,요양보호론,0
2020,요양보호사                              ,요양보호론,0
2020,요양보호사                              ,요양보호론,0
2020,요양보호사                              ,요양보호론,0
2020,요양보호사                              ,요양보호론,0
2020,요양보호사                              ,요양보호론,0
2020,요양보호사                              ,요양보호론,1
2020,요양보호사                              ,실기시험,1
2020,요양보호사                              ,실기시험,1
2020,요양보호사                              ,실기시험,1
2020,요양보호사                              ,실기시험,1
2020,요양보호사                              ,실기시험,1
2020,요양보호사                              ,실기시험,1
2020,요양보호사                              ,실기시험,0
2020,위생사                                  ,위생 관계 법령,0
2020,위생사                                  ,환경위생학,1
2020,위생사                                  ,위생곤충학,0
2020,위생사                                  ,공중보건학,0
2020,위생사                                  ,식품위생학,0
2020,위생사                                  ,실기시험,0
2020,응급구조사1급                           ,실기시험,1
2020,응급구조사1급                           ,기초의학,0
2020,응급구조사1급                           ,응급환자관리,0
2020,응급구조사1급                           ,전문응급처치학총론,0
2020,응급구조사1급                           ,응급의료관련법령,0
2020,응급구조사2급                           ,실기시험,1
2020,응급구조사2급                           ,기본응급처치학총론,0
2020,응급구조사2급                           ,기본응급환자관리,0
2020,응급구조사2급                           ,응급의료관련법령,0
2020,응급구조사2급                           ,기본응급처치학각론,1
2020,응급구조사2급                           ,응급의료장비,0
2020,의사                                    ,보건의약관계 법규,0
2020,의사                                    ,의학총론,1
2020,의사                                    ,의학각론1,1
2020,의사                                    ,의학각론2,1
2020,의사                                    ,의학각론3,1
2020,의사                                    ,의학각론4,0
2020,의사                                    ,의학각론5(R형),0
2020,의사예비시험(1차시험-필기)              ,의학의 기초1,1
2020,의사예비시험(1차시험-필기)              ,의학의 기초2,1
2020,의사예비시험(1차시험-필기)              ,의학의 기초3,1
2020,의지보조기기사                          ,실기시험,1
2020,의지보조기기사                          ,보건의료 관계 법규,0
2020,의지보조기기사                          ,운동·생체역학,0
2020,의지보조기기사                          ,재활공학·재료학,0
2020,의지보조기기사                          ,보조기학,1
2020,의지보조기기사                          ,해부·생리학,0
2020,의지보조기기사                          ,재활의학,0
2020,의지보조기기사                          ,의지학,1
2020,임상병리사                              ,의료관계법규,0
2020,임상병리사                              ,임상검사이론I,1
2020,임상병리사                              ,실기시험,1
2020,작업치료사                              ,작업치료학 기초,1
2020,작업치료사                              ,의료관계법규,0
2020,작업치료사                              ,작업치료학,1
2020,작업치료사                              ,실기시험,1
2020,조산사                                  ,신생아간호학,0
2020,조산사                                  ,모자보건학,0
2020,조산사                                  ,모자보건법,0
2020,치과기공사                              ,치과기공학 기초,1
2020,치과기공사                              ,의료관계법규,0
2020,치과기공사                              ,실기시험,1
2020,치과위생사                              ,실기시험,1
2020,치과위생사                              ,의료관계법규,0
2020,치과위생사                              ,치위생학1,1
2020,치과위생사                              ,치위생학2,1
2020,치과의사                                ,구강내과학,0
2020,치과의사                                ,치과보철학,0
2020,치과의사                                ,소아치과학,0
2020,치과의사                                ,치과교정학,0
2020,치과의사                                ,구강병리학,0
2020,치과의사                                ,구강생물학,0
2020,치과의사                                ,영상치의학,0
2020,치과의사                                ,치주과학,1
2020,치과의사                                ,구강악안면외과학,1
2020,치과의사                                ,치과보존학,1
2020,치과의사                                ,구강보건학,0
2020,치과의사                                ,치과재료학,1
2020,치과의사                                ,보건의약관계 법규,0
2020,치과의사예비시험(1차시험-필기)          ,치의학의 기초1,1
2020,치과의사예비시험(1차시험-필기)          ,치의학의 기초2,1
2020,치과의사예비시험(1차시험-필기)          ,치의학의 기초3,1
2020,한약사                                  ,보건·의약 관계 법규,0
2020,한의사                                  ,내과학1,1
2020,한의사                                  ,내과학2,0
2020,한의사                                  ,침구학,0
2020,한의사                                  ,보건의약관계 법규,1
2020,한의사                                  ,외과학,1
2020,한의사                                  ,신경정신과학,0
2020,한의사                                  ,안이비인후과학,0
2020,한의사                                  ,부인과학,0
2020,한의사                                  ,소아과학,0
2020,한의사                                  ,예방의학,1
2020,한의사                                  ,한방생리학,1
2020,한의사                                  ,본초학,1
2021,1급 장애인재활상담사                    ,직업재활개론,1
2021,1급 장애인재활상담사                    ,재활상담,1
2021,1급 장애인재활상담사                    ,재활사례관리,1
2021,1급 장애인재활상담사                    ,직업평가,1
2021,1급 장애인재활상담사                    ,직무개발과 배치,1
2021,1급 장애인재활상담사                    ,재활행정,1
2021,1급 장애인재활상담사                    ,재활정책,1
2021,1급언어재활사                           ,신경언어장애,1
2021,1급언어재활사                           ,언어발달장애,0
2021,1급언어재활사                           ,유창성장애,0
2021,1급언어재활사                           ,음성장애,0
2021,1급언어재활사                           ,조음음운장애,1
2021,1급언어재활사                           ,언어재활현장실무,1
2021,2급 장애인재활상담사                    ,직업재활개론,1
2021,2급 장애인재활상담사                    ,재활상담,1
2021,2급 장애인재활상담사                    ,재활사례관리,1
2021,2급 장애인재활상담사                    ,직업평가,1
2021,2급 장애인재활상담사                    ,직무개발과 배치,1
2021,2급 장애인재활상담사                    ,재활행정,1
2021,2급 장애인재활상담사                    ,재활정책,1
2021,2급언어재활사                           ,신경언어장애,1
2021,2급언어재활사                           ,유창성장애,1
2021,2급언어재활사                           ,음성장애,1
2021,2급언어재활사                           ,언어발달장애,0
2021,2급언어재활사                           ,조음음운장애,0
2021,3급 장애인재활상담사                    ,직업재활개론,0
2021,3급 장애인재활상담사                    ,재활상담,1
2021,3급 장애인재활상담사                    ,재활사례관리,1
2021,3급 장애인재활상담사                    ,직업평가,1
2021,3급 장애인재활상담사                    ,직무개발과 배치,1
2021,3급 장애인재활상담사                    ,재활행정,0
2021,3급 장애인재활상담사                    ,재활정책,0
2021,간호사                                  ,성인간호학,1
2021,간호사                                  ,모성간호학,0
2021,간호사                                  ,아동간호학,0
2021,간호사                                  ,지역사회간호학,0
2021,간호사                                  ,정신간호학,0
2021,간호사                                  ,간호관리학,0
2021,간호사                                  ,기본간호학,0
2021,간호사                                  ,보건의약관계 법규,0
2021,간호조무사                              ,기초간호학 개요,0
2021,간호조무사                              ,기초간호학 개요,0
2021,간호조무사                              ,보건간호학 개요,0
2021,간호조무사                              ,보건간호학 개요,0
2021,간호조무사                              ,공중보건학개론,0
2021,간호조무사                              ,공중보건학개론,1
2021,간호조무사                              ,실기,0
2021,간호조무사                              ,실기,0
2021,물리치료사                              ,물리치료 기초,1
2021,물리치료사                              ,물리치료 진단평가,0
2021,물리치료사                              ,물리치료 중재,1
2021,물리치료사                              ,의료관계법규,0
2021,물리치료사                              ,실기시험,1
2021,방사선사                                ,방사선이론,1
2021,방사선사                                ,의료관계법규,0
2021,방사선사                                ,방사선응용,1
2021,방사선사                                ,실기시험,1
2021,보건교육사 1급                          ,보건프로그램 개발 및 평가,0
2021,보건교육사 1급                          ,보건교육방법론,0
2021,보건교육사 1급                          ,보건사업관리,0
2021,보건교육사 2급                          ,보건프로그램 개발 및 평가,1
2021,보건교육사 2급                          ,보건교육방법론,1
2021,보건교육사 2급                          ,보건사업관리,1
2021,보건교육사 2급                          ,보건의료법규,1
2021,보건교육사 2급                          ,조사방법론,1
2021,보건교육사 2급                          ,보건의사소통,1
2021,보건교육사 2급                          ,보건학,1
2021,보건교육사 2급                          ,보건교육학,0
2021,보건교육사 3급                          ,보건프로그램 개발 및 평가,0
2021,보건교육사 3급                          ,보건학,1
2021,보건교육사 3급                          ,보건교육학,0
2021,보건교육사 3급                          ,보건의료법규,0
2021,보건의료정보관리사                      ,보건의료정보관리학2,1
2021,보건의료정보관리사                      ,의료관계법규,0
2021,보건의료정보관리사                      ,실기시험,0
2021,보조공학사                              ,보조공학사 기초,1
2021,보조공학사                              ,보조공학사 응용·실기,1
2021,보조공학사 특례                         ,보조공학사 기초,0
2021,보조공학사 특례                         ,보조공학사 응용·실기,1
2021,안경사                                  ,시광학이론,1
2021,안경사                                  ,의료관계법규,0
2021,안경사                                  ,시광학응용,1
2021,안경사                                  ,실기시험,1
2021,약사(6년제),생명약학,1
2021,약사(6년제),산업약학,1
2021,약사(6년제),임상·실무약학1,1
2021,약사(6년제),임상·실무약학2,1
2021,약사(6년제),보건·의약 관계 법규,0
2021,약사예비시험                            ,약학 기초1,1
2021,약사예비시험                            ,약학 기초2,1
2021,약사예비시험                            ,약학 기초3,1
2021,영양사                                  ,영양학 및 생화학,1
2021,영양사                                  ,"영양교육, 식사요법 및 생리학",1
2021,영양사                                  ,식품학 및 조리원리,0
2021,영양사                                  ,"급식, 위생 및 관계법규",1
2021,요양보호사                              ,요양보호론,1
2021,요양보호사                              ,요양보호론,0
2021,요양보호사                              ,요양보호론,0
2021,요양보호사                              ,요양보호론,0
2021,요양보호사                              ,요양보호론,0
2021,요양보호사                              ,요양보호론,0
2021,요양보호사                              ,요양보호론,1
2021,요양보호사                              ,요양보호론,1
2021,요양보호사                              ,실기시험,1
2021,요양보호사                              ,실기시험,1
2021,요양보호사                              ,실기시험,1
2021,요양보호사                              ,실기시험,1
2021,요양보호사                              ,실기시험,1
2021,요양보호사                              ,실기시험,1
2021,요양보호사                              ,실기시험,1
2021,요양보호사                              ,실기시험,1
2021,위생사                                  ,위생 관계 법령,1
2021,위생사                                  ,환경위생학,1
2021,위생사                                  ,위생곤충학,0
2021,위생사                                  ,공중보건학,0
2021,위생사                                  ,식품위생학,0
2021,위생사                                  ,실기시험,0
2021,응급구조사1급                           ,실기시험,1
2021,응급구조사1급                           ,기초의학,0
2021,응급구조사1급                           ,응급환자관리,1
2021,응급구조사1급                           ,전문응급처치학총론,0
2021,응급구조사1급                           ,응급의료관련법령,0
2021,응급구조사2급                           ,실기시험,1
2021,응급구조사2급                           ,기본응급처치학총론,0
2021,응급구조사2급                           ,기본응급환자관리,0
2021,응급구조사2급                           ,응급의료관련법령,0
2021,응급구조사2급                           ,기본응급처치학각론,1
2021,응급구조사2급                           ,응급의료장비,0
2021,의사                                    ,보건의약관계 법규,0
2021,의사                                    ,의학총론,1
2021,의사                                    ,의학각론1,1
2021,의사                                    ,의학각론2,1
2021,의사                                    ,의학각론3,1
2021,의사                                    ,의학각론4,0
2021,의사                                    ,의학각론5(R형),0
2021,의사예비시험(1차시험-필기)              ,의학의 기초1,1
2021,의사예비시험(1차시험-필기)              ,의학의 기초2,1
2021,의사예비시험(1차시험-필기)              ,의학의 기초3,1
2021,의지보조기기사                          ,실기시험,1
2021,의지보조기기사                          ,보건의료 관계 법규,0
2021,의지보조기기사                          ,운동·생체역학,0
2021,의지보조기기사                          ,재활공학·재료학,0
2021,의지보조기기사                          ,보조기학,1
2021,의지보조기기사                          ,해부·생리학,0
2021,의지보조기기사                          ,재활의학,0
2021,의지보조기기사                          ,의지학,1
2021,임상병리사                              ,의료관계법규,0
2021,임상병리사                              ,임상검사이론I,1
2021,임상병리사                              ,실기시험,1
2021,작업치료사                              ,작업치료학 기초,1
2021,작업치료사                              ,의료관계법규,0
2021,작업치료사                              ,작업치료학,1
2021,작업치료사                              ,실기시험,1
2021,조산사                                  ,신생아간호학,0
2021,조산사                                  ,모자보건학,0
2021,조산사                                  ,모자보건법,0
2021,치과기공사                              ,치과기공학 기초,1
2021,치과기공사                              ,의료관계법규,0
2021,치과기공사                              ,실기시험,1
2021,치과위생사                              ,실기시험,1
2021,치과위생사                              ,의료관계법규,0
2021,치과위생사                              ,치위생학1,1
2021,치과위생사                              ,치위생학2,1
2021,치과의사                                ,구강내과학,0
2021,치과의사                                ,치과보철학,0
2021,치과의사                                ,소아치과학,1
2021,치과의사                                ,치과교정학,0
2021,치과의사                                ,구강병리학,1
2021,치과의사                                ,구강생물학,1
2021,치과의사                                ,영상치의학,1
2021,치과의사                                ,치주과학,1
2021,치과의사                                ,구강악안면외과학,1
2021,치과의사                                ,치과보존학,1
2021,치과의사                                ,구강보건학,1
2021,치과의사                                ,치과재료학,0
2021,치과의사                                ,보건의약관계 법규,0
2021,치과의사예비시험(1차시험-필기)          ,치의학의 기초1,1
2021,치과의사예비시험(1차시험-필기)          ,치의학의 기초2,1
2021,치과의사예비시험(1차시험-필기)          ,치의학의 기초3,1
2021,한약사                                  ,보건·의약 관계 법규,0
2021,한의사                                  ,내과학1,1
2021,한의사                                  ,내과학2,0
2021,한의사                                  ,침구학,0
2021,한의사                                  ,보건의약관계 법규,1
2021,한의사                                  ,외과학,0
2021,한의사                                  ,신경정신과학,1
2021,한의사                                  ,안이비인후과학,1
2021,한의사                                  ,부인과학,1
2021,한의사                                  ,소아과학,0
2021,한의사                                  ,예방의학,0
2021,한의사                                  ,한방생리학,0
2021,한의사                                  ,본초학,1
2022,1급 장애인재활상담사                    ,직업재활개론,1
2022,1급 장애인재활상담사                    ,재활상담,1
2022,1급 장애인재활상담사                    ,재활사례관리,1
2022,1급 장애인재활상담사                    ,직업평가,1
2022,1급 장애인재활상담사                    ,직무개발과 배치,1
2022,1급 장애인재활상담사                    ,재활행정,1
2022,1급 장애인재활상담사                    ,재활정책,1
2022,1급언어재활사                           ,신경언어장애,1
2022,1급언어재활사                           ,언어발달장애,1
2022,1급언어재활사                           ,유창성장애,1
2022,1급언어재활사                           ,음성장애,0
2022,1급언어재활사                           ,조음음운장애,0
2022,1급언어재활사                           ,언어재활현장실무,1
2022,2급 장애인재활상담사                    ,직업재활개론,1
2022,2급 장애인재활상담사                    ,재활상담,1
2022,2급 장애인재활상담사                    ,재활사례관리,1
2022,2급 장애인재활상담사                    ,직업평가,1
2022,2급 장애인재활상담사                    ,직무개발과 배치,1
2022,2급 장애인재활상담사                    ,재활행정,1
2022,2급 장애인재활상담사                    ,재활정책,1
2022,2급언어재활사                           ,신경언어장애,1
2022,2급언어재활사                           ,유창성장애,1
2022,2급언어재활사                           ,음성장애,0
2022,2급언어재활사                           ,언어발달장애,0
2022,2급언어재활사                           ,조음음운장애,0
2022,간호사                                  ,성인간호학,1
2022,간호사                                  ,모성간호학,0
2022,간호사                                  ,아동간호학,1
2022,간호사                                  ,지역사회간호학,1
2022,간호사                                  ,정신간호학,1
2022,간호사                                  ,간호관리학,1
2022,간호사                                  ,기본간호학,1
2022,간호사                                  ,보건의약관계 법규,1
2022,간호조무사                              ,기초간호학 개요,1
2022,간호조무사                              ,기초간호학 개요,1
2022,간호조무사                              ,보건간호학 개요,1
2022,간호조무사                              ,보건간호학 개요,1
2022,간호조무사                              ,공중보건학개론,1
2022,간호조무사                              ,공중보건학개론,0
2022,간호조무사                              ,실기,0
2022,간호조무사                              ,실기,0
2022,물리치료사                              ,물리치료 기초,1
2022,물리치료사                              ,물리치료 진단평가,0
2022,물리치료사                              ,물리치료 중재,1
2022,물리치료사                              ,의료관계법규,0
2022,물리치료사                              ,실기시험,1
2022,방사선사                                ,방사선이론,1
2022,방사선사                                ,의료관계법규,0
2022,방사선사                                ,방사선응용,1
2022,방사선사                                ,실기시험,1
2022,보건교육사 1급                          ,보건프로그램 개발 및 평가,0
2022,보건교육사 1급                          ,보건교육방법론,0
2022,보건교육사 1급                          ,보건사업관리,1
2022,보건교육사 2급                          ,보건프로그램 개발 및 평가,1
2022,보건교육사 2급                          ,보건교육방법론,1
2022,보건교육사 2급                          ,보건사업관리,1
2022,보건교육사 2급                          ,보건의료법규,1
2022,보건교육사 2급                          ,조사방법론,1
2022,보건교육사 2급                          ,보건의사소통,1
2022,보건교육사 2급                          ,보건학,1
2022,보건교육사 2급                          ,보건교육학,1
2022,보건교육사 3급                          ,보건프로그램 개발 및 평가,1
2022,보건교육사 3급                          ,보건학,0
2022,보건교육사 3급                          ,보건교육학,0
2022,보건교육사 3급                          ,보건의료법규,0
2022,보건의료정보관리사                      ,보건의료정보관리학2,1
2022,보건의료정보관리사                      ,의료관계법규,0
2022,보건의료정보관리사                      ,실기시험,0
2022,보조공학사                              ,보조공학사 기초,1
2022,보조공학사                              ,보조공학사 응용·실기,1
2022,안경사                                  ,시광학이론,1
2022,안경사                                  ,의료관계법규,0
2022,안경사                                  ,시광학응용,1
2022,안경사                                  ,실기시험,1
2022,약사(6년제),생명약학,1
2022,약사(6년제),산업약학,1
2022,약사(6년제),임상·실무약학1,1
2022,약사(6년제),임상·실무약학2,1
2022,약사(6년제),보건·의약 관계 법규,0
2022,약사예비시험                            ,약학 기초1,1
2022,약사예비시험                            ,약학 기초2,1
2022,약사예비시험                            ,약학 기초3,1
2022,영양사                                  ,영양학 및 생화학,1
2022,영양사                                  ,"영양교육, 식사요법 및 생리학",1
2022,영양사                                  ,식품학 및 조리원리,0
2022,영양사                                  ,"급식, 위생 및 관계법규",1
2022,요양보호사                              ,요양보호론,1
2022,요양보호사                              ,요양보호론,0
2022,요양보호사                              ,요양보호론,0
2022,요양보호사                              ,요양보호론,1
2022,요양보호사                              ,요양보호론,1
2022,요양보호사                              ,요양보호론,1
2022,요양보호사                              ,요양보호론,1
2022,요양보호사                              ,요양보호론,1
2022,요양보호사                              ,요양보호론,0
2022,요양보호사                              ,요양보호론,0
2022,요양보호사                              ,요양보호론,0
2022,요양보호사                              ,요양보호론,1
2022,요양보호사                              ,실기시험,1
2022,요양보호사                              ,실기시험,1
2022,요양보호사                              ,실기시험,1
2022,요양보호사                              ,실기시험,1
2022,요양보호사                              ,실기시험,0
2022,요양보호사                              ,실기시험,0
2022,요양보호사                              ,실기시험,0
2022,요양보호사                              ,실기시험,1
2022,요양보호사                              ,실기시험,1
2022,요양보호사                              ,실기시험,1
2022,요양보호사                              ,실기시험,1
2022,요양보호사                              ,실기시험,0
2022,위생사                                  ,위생 관계 법령,0
2022,위생사                                  ,환경위생학,1
2022,위생사                                  ,위생곤충학,0
2022,위생사                                  ,공중보건학,0
2022,위생사                                  ,식품위생학,0
2022,위생사                                  ,실기시험,0
2022,응급구조사1급                           ,실기시험,1
2022,응급구조사1급                           ,기초의학,0
2022,응급구조사1급                           ,응급환자관리,1
2022,응급구조사1급                           ,전문응급처치학총론,0
2022,응급구조사1급                           ,응급의료관련법령,0
2022,응급구조사2급                           ,실기시험,1
2022,응급구조사2급                           ,기본응급처치학총론,0
2022,응급구조사2급                           ,기본응급환자관리,0
2022,응급구조사2급                           ,응급의료관련법령,0
2022,응급구조사2급                           ,기본응급처치학각론,1
2022,응급구조사2급                           ,응급의료장비,0
2022,의사                                    ,보건의약관계 법규,0
2022,의사                                    ,의학총론,1
2022,의사                                    ,의학각론1,1
2022,의사                                    ,의학각론2,1
2022,의사                                    ,의학각론3,0
2022,의사                                    ,의학각론4(R형),0
2022,의사예비시험(1차시험-필기)              ,의학의 기초1,1
2022,의사예비시험(1차시험-필기)              ,의학의 기초2,1
2022,의사예비시험(1차시험-필기)              ,의학의 기초3,1
2022,의지보조기기사                          ,실기시험,1
2022,의지보조기기사                          ,보건의료 관계 법규,0
2022,의지보조기기사                          ,운동·생체역학,0
2022,의지보조기기사                          ,재활공학·재료학,0
2022,의지보조기기사                          ,보조기학,1
2022,의지보조기기사                          ,해부·생리학,0
2022,의지보조기기사                          ,재활의학,0
2022,의지보조기기사                          ,의지학,1
2022,임상병리사                              ,의료관계법규,0
2022,임상병리사                              ,임상검사이론I,1
2022,임상병리사                              ,실기시험,1
2022,작업치료사                              ,작업치료학 기초,1
2022,작업치료사                              ,의료관계법규,0
2022,작업치료사                              ,작업치료학,1
2022,작업치료사                              ,실기시험,1
2022,조산사                                  ,신생아간호학,0
2022,조산사                                  ,모자보건학,0
2022,조산사                                  ,모자보건법,0
2022,치과기공사                              ,치과기공학 기초,1
2022,치과기공사                              ,의료관계법규,0
2022,치과기공사                              ,실기시험,1
2022,치과위생사                              ,실기시험,1
2022,치과위생사                              ,의료관계법규,0
2022,치과위생사                              ,치위생학1,1
2022,치과위생사                              ,치위생학2,1
2022,치과의사                                ,구강내과학,0
2022,치과의사                                ,치과보철학,1
2022,치과의사                                ,소아치과학,1
2022,치과의사                                ,치과교정학,0
2022,치과의사                                ,구강병리학,0
2022,치과의사                                ,구강생물학,0
2022,치과의사                                ,영상치의학,1
2022,치과의사                                ,치주과학,1
2022,치과의사                                ,구강악안면외과학,1
2022,치과의사                                ,치과보존학,1
2022,치과의사                                ,구강보건학,0
2022,치과의사                                ,치과재료학,0
2022,치과의사                                ,보건의약관계 법규,0
2022,치과의사예비시험(1차시험-필기)          ,치의학의 기초1,1
2022,치과의사예비시험(1차시험-필기)          ,치의학의 기초2,1
2022,치과의사예비시험(1차시험-필기)          ,치의학의 기초3,1
2022,한약사                                  ,보건·의약 관계 법규,0
2022,한의사                                  ,내과학1,1
2022,한의사                                  ,내과학2,0
2022,한의사                                  ,침구학,0
2022,한의사                                  ,보건의약관계 법규,1
2022,한의사                                  ,외과학,1
2022,한의사                                  ,신경정신과학,1
2022,한의사                                  ,안이비인후과학,1
2022,한의사                                  ,부인과학,1
2022,한의사                                  ,소아과학,1
2022,한의사                                  ,예방의학,1
2022,한의사                                  ,한방생리학,1
2022,한의사                                  ,본초학,1
2023,1급 장애인재활상담사                    ,직업재활개론,1
2023,1급 장애인재활상담사                    ,재활상담,1
2023,1급 장애인재활상담사                    ,재활사례관리,0
2023,1급 장애인재활상담사                    ,직업평가,0
2023,1급 장애인재활상담사                    ,직무개발과 배치,0
2023,1급 장애인재활상담사                    ,재활행정,1
2023,1급 장애인재활상담사                    ,재활정책,1
2023,2급 장애인재활상담사                    ,직업재활개론,1
2023,2급 장애인재활상담사                    ,재활상담,1
2023,2급 장애인재활상담사                    ,재활사례관리,1
2023,2급 장애인재활상담사                    ,직업평가,1
2023,2급 장애인재활상담사                    ,직무개발과 배치,1
2023,2급 장애인재활상담사                    ,재활행정,1
2023,2급 장애인재활상담사                    ,재활정책,1
2023,간호사                                  ,성인간호학,1
2023,간호사                                  ,모성간호학,0
2023,간호사                                  ,아동간호학,0
2023,간호사                                  ,지역사회간호학,0
2023,간호사                                  ,정신간호학,1
2023,간호사                                  ,간호관리학,1
2023,간호사                                  ,기본간호학,1
2023,간호사                                  ,보건의약관계 법규,1
2023,간호조무사                              ,기초간호학 개요,1
2023,간호조무사                              ,보건간호학 개요,1
2023,간호조무사                              ,공중보건학개론,1
2023,간호조무사                              ,실기,1
2023,보건교육사 1급                          ,보건프로그램 개발 및 평가,1
2023,보건교육사 1급                          ,보건교육방법론,1
2023,보건교육사 1급                          ,보건사업관리,0
2023,보건교육사 2급                          ,보건프로그램 개발 및 평가,0
2023,보건교육사 2급                          ,보건교육방법론,1
2023,보건교육사 2급                          ,보건사업관리,1
2023,보건교육사 2급                          ,보건의료법규,1
2023,보건교육사 2급                          ,조사방법론,1
2023,보건교육사 2급                          ,보건의사소통,1
2023,보건교육사 2급                          ,보건학,1
2023,보건교육사 2급                          ,보건교육학,1
2023,보건교육사 3급                          ,보건프로그램 개발 및 평가,1
2023,보건교육사 3급                          ,보건학,1
2023,보건교육사 3급                          ,보건교육학,0
2023,보건교육사 3급                          ,보건의료법규,0
2023,보조공학사                              ,보조공학사 기초,1
2023,보조공학사                              ,보조공학사 응용·실기,1
2023,약사(6년제),생명약학,1
2023,약사(6년제),산업약학,1
2023,약사(6년제),임상·실무약학1,1
2023,약사(6년제),임상·실무약학2,1
2023,약사(6년제),보건·의약 관계 법규,1
2023,요양보호사                              ,요양보호론,1
2023,요양보호사                              ,요양보호론,1
2023,요양보호사                              ,요양보호론,1
2023,요양보호사                              ,요양보호론,0
2023,요양보호사                              ,요양보호론,1
2023,요양보호사                              ,요양보호론,1
2023,요양보호사                              ,요양보호론,0
2023,요양보호사                              ,요양보호론,0
2023,요양보호사                              ,요양보호론,1
2023,요양보호사                              ,요양보호론,0
2023,요양보호사                              ,요양보호론,1
2023,요양보호사                              ,요양보호론,1
2023,요양보호사                              ,요양보호론,1
2023,요양보호사                              ,요양보호론,1
2023,요양보호사                              ,요양보호론,1
2023,요양보호사                              ,요양보호론,0
2023,요양보호사                              ,요양보호론,1
2023,요양보호사                              ,요양보호론,1
2023,요양보호사                              ,요양보호론,1
2023,요양보호사                              ,실기시험,1
2023,요양보호사                              ,실기시험,0
2023,요양보호사                              ,실기시험,0
2023,요양보호사                              ,실기시험,1
2023,요양보호사                              ,실기시험,1
2023,요양보호사                              ,실기시험,1
2023,요양보호사                              ,실기시험,0
2023,요양보호사                              ,실기시험,1
2023,요양보호사                              ,실기시험,0
2023,요양보호사                              ,실기시험,1
2023,요양보호사                              ,실기시험,1
2023,요양보호사                              ,실기시험,1
2023,요양보호사                              ,실기시험,0
2023,요양보호사                              ,실기시험,0
2023,요양보호사                              ,실기시험,1
2023,요양보호사                              ,실기시험,1
2023,요양보호사                              ,실기시험,1
2023,요양보호사                              ,실기시험,0
2023,요양보호사                              ,실기시험,0
2023,의사                                    ,보건의약관계 법규,0
2023,의사                                    ,의학총론,1
2023,의사                                    ,의학각론1,1
2023,의사                                    ,의학각론2,1
2023,의사                                    ,의학각론3,1
2023,조산사                                  ,신생아간호학,1
2023,조산사                                  ,모자보건학,0
2023,조산사                                  ,모자보건법,0
2023,치과의사                                ,구강내과학,1
2023,치과의사                                ,치과보철학,1
2023,치과의사                                ,소아치과학,1
2023,치과의사                                ,치과교정학,1
2023,치과의사                                ,구강병리학,0
2023,치과의사                                ,구강생물학,1
2023,치과의사                                ,영상치의학,1
2023,치과의사                                ,치주과학,1
2023,치과의사                                ,구강악안면외과학,1
2023,치과의사                                ,치과보존학,1
2023,치과의사                                ,구강보건학,1
2023,치과의사                                ,치과재료학,1
2023,치과의사                                ,보건의약관계 법규,0
2023,한약사                                  ,보건·의약 관계 법규,1
2023,한의사                                  ,내과학1,1
2023,한의사                                  ,내과학2,1
2023,한의사                                  ,침구학,0
2023,한의사                                  ,보건의약관계 법규,1
2023,한의사                                  ,외과학,1
2023,한의사                                  ,신경정신과학,1
2023,한의사                                  ,안이비인후과학,1
2023,한의사                                  ,부인과학,1
2023,한의사                                  ,소아과학,0
2023,한의사                                  ,예방의학,1
2023,한의사                                  ,한방생리학,0
2023,한의사                                  ,본초학,1
